ID,Gene.Defline,Gene.Symbol,GeneLength,Chromosome,Location.start,Location.end
AT1G01030,AP2/B3-like transcriptional factor family protein,NGA3,2066,Chr1,11649,13714
AT1G01030,AP2/B3-like transcriptional factor family protein,NGA3,2066,Chr1,11649,13714
AT1G01030,AP2/B3-like transcriptional factor family protein,NGA3,2066,Chr1,11649,13714
AT1G01030,AP2/B3-like transcriptional factor family protein,NGA3,2066,Chr1,11649,13714
AT1G01030,AP2/B3-like transcriptional factor family protein,NGA3,2066,Chr1,11649,13714
AT1G01030,AP2/B3-like transcriptional factor family protein,NGA3,2066,Chr1,11649,13714
AT1G01260,basic helix-loop-helix (bHLH) DNA-binding superfamily protein,,2664,Chr1,108946,111609
AT1G01260,basic helix-loop-helix (bHLH) DNA-binding superfamily protein,,2664,Chr1,108946,111609
AT1G01260,basic helix-loop-helix (bHLH) DNA-binding superfamily protein,,2664,Chr1,108946,111609
AT1G01260,basic helix-loop-helix (bHLH) DNA-binding superfamily protein,,2664,Chr1,108946,111609
AT1G01260,basic helix-loop-helix (bHLH) DNA-binding superfamily protein,,2664,Chr1,108946,111609
AT1G01260,basic helix-loop-helix (bHLH) DNA-binding superfamily protein,,2664,Chr1,108946,111609
AT1G05710,basic helix-loop-helix (bHLH) DNA-binding superfamily protein,,2327,Chr1,1714950,1717276
AT1G05710,basic helix-loop-helix (bHLH) DNA-binding superfamily protein,,2327,Chr1,1714950,1717276
AT1G05710,basic helix-loop-helix (bHLH) DNA-binding superfamily protein,,2327,Chr1,1714950,1717276
AT1G05710,basic helix-loop-helix (bHLH) DNA-binding superfamily protein,,2327,Chr1,1714950,1717276
AT1G05710,basic helix-loop-helix (bHLH) DNA-binding superfamily protein,,2327,Chr1,1714950,1717276
AT1G05710,basic helix-loop-helix (bHLH) DNA-binding superfamily protein,,2327,Chr1,1714950,1717276
AT1G05805,basic helix-loop-helix (bHLH) DNA-binding superfamily protein,,2921,Chr1,1744773,1747693
AT1G05805,basic helix-loop-helix (bHLH) DNA-binding superfamily protein,,2921,Chr1,1744773,1747693
AT1G05805,basic helix-loop-helix (bHLH) DNA-binding superfamily protein,,2921,Chr1,1744773,1747693
AT1G05805,basic helix-loop-helix (bHLH) DNA-binding superfamily protein,,2921,Chr1,1744773,1747693
AT1G05805,basic helix-loop-helix (bHLH) DNA-binding superfamily protein,,2921,Chr1,1744773,1747693
AT1G05805,basic helix-loop-helix (bHLH) DNA-binding superfamily protein,,2921,Chr1,1744773,1747693
AT1G09250,basic helix-loop-helix (bHLH) DNA-binding superfamily protein,,980,Chr1,2989378,2990357
AT1G09250,basic helix-loop-helix (bHLH) DNA-binding superfamily protein,,980,Chr1,2989378,2990357
AT1G09250,basic helix-loop-helix (bHLH) DNA-binding superfamily protein,,980,Chr1,2989378,2990357
AT1G09250,basic helix-loop-helix (bHLH) DNA-binding superfamily protein,,980,Chr1,2989378,2990357
AT1G09250,basic helix-loop-helix (bHLH) DNA-binding superfamily protein,,980,Chr1,2989378,2990357
AT1G09250,basic helix-loop-helix (bHLH) DNA-binding superfamily protein,,980,Chr1,2989378,2990357
AT1G18790,RWP-RK domain-containing protein,,1193,Chr1,6478851,6480043
AT1G18790,RWP-RK domain-containing protein,,1193,Chr1,6478851,6480043
AT1G18790,RWP-RK domain-containing protein,,1193,Chr1,6478851,6480043
AT1G18790,RWP-RK domain-containing protein,,1193,Chr1,6478851,6480043
AT1G18790,RWP-RK domain-containing protein,,1193,Chr1,6478851,6480043
AT1G18790,RWP-RK domain-containing protein,,1193,Chr1,6478851,6480043
AT1G22380,UDP-glucosyl transferase 85A3,UGT85A3,1946,Chr1,7900387,7902332
AT1G22380,UDP-glucosyl transferase 85A3,UGT85A3,1946,Chr1,7900387,7902332
AT1G22380,UDP-glucosyl transferase 85A3,UGT85A3,1946,Chr1,7900387,7902332
AT1G22380,UDP-glucosyl transferase 85A3,UGT85A3,1946,Chr1,7900387,7902332
AT1G22380,UDP-glucosyl transferase 85A3,UGT85A3,1946,Chr1,7900387,7902332
AT1G22380,UDP-glucosyl transferase 85A3,UGT85A3,1946,Chr1,7900387,7902332
AT1G25310,basic helix-loop-helix (bHLH) DNA-binding family protein,MEE8,711,Chr1,8874124,8874834
AT1G25310,basic helix-loop-helix (bHLH) DNA-binding family protein,MEE8,711,Chr1,8874124,8874834
AT1G25310,basic helix-loop-helix (bHLH) DNA-binding family protein,MEE8,711,Chr1,8874124,8874834
AT1G25310,basic helix-loop-helix (bHLH) DNA-binding family protein,MEE8,711,Chr1,8874124,8874834
AT1G25310,basic helix-loop-helix (bHLH) DNA-binding family protein,MEE8,711,Chr1,8874124,8874834
AT1G25310,basic helix-loop-helix (bHLH) DNA-binding family protein,MEE8,711,Chr1,8874124,8874834
AT1G25560,AP2/B3 transcription factor family protein,TEM1,1365,Chr1,8981677,8983041
AT1G25560,AP2/B3 transcription factor family protein,TEM1,1365,Chr1,8981677,8983041
AT1G25560,AP2/B3 transcription factor family protein,TEM1,1365,Chr1,8981677,8983041
AT1G25560,AP2/B3 transcription factor family protein,TEM1,1365,Chr1,8981677,8983041
AT1G25560,AP2/B3 transcription factor family protein,TEM1,1365,Chr1,8981677,8983041
AT1G25560,AP2/B3 transcription factor family protein,TEM1,1365,Chr1,8981677,8983041
AT1G27660,basic helix-loop-helix (bHLH) DNA-binding superfamily protein,,4435,Chr1,9621570,9626004
AT1G27660,basic helix-loop-helix (bHLH) DNA-binding superfamily protein,,4435,Chr1,9621570,9626004
AT1G27660,basic helix-loop-helix (bHLH) DNA-binding superfamily protein,,4435,Chr1,9621570,9626004
AT1G27660,basic helix-loop-helix (bHLH) DNA-binding superfamily protein,,4435,Chr1,9621570,9626004
AT1G27660,basic helix-loop-helix (bHLH) DNA-binding superfamily protein,,4435,Chr1,9621570,9626004
AT1G27660,basic helix-loop-helix (bHLH) DNA-binding superfamily protein,,4435,Chr1,9621570,9626004
AT1G28300,AP2/B3-like transcriptional factor family protein,LEC2,3010,Chr1,9896867,9899876
AT1G28300,AP2/B3-like transcriptional factor family protein,LEC2,3010,Chr1,9896867,9899876
AT1G28300,AP2/B3-like transcriptional factor family protein,LEC2,3010,Chr1,9896867,9899876
AT1G28300,AP2/B3-like transcriptional factor family protein,LEC2,3010,Chr1,9896867,9899876
AT1G28300,AP2/B3-like transcriptional factor family protein,LEC2,3010,Chr1,9896867,9899876
AT1G28300,AP2/B3-like transcriptional factor family protein,LEC2,3010,Chr1,9896867,9899876
AT1G29950,basic helix-loop-helix (bHLH) DNA-binding superfamily protein,,2901,Chr1,10491698,10494598
AT1G29950,basic helix-loop-helix (bHLH) DNA-binding superfamily protein,,2901,Chr1,10491698,10494598
AT1G29950,basic helix-loop-helix (bHLH) DNA-binding superfamily protein,,2901,Chr1,10491698,10494598
AT1G29950,basic helix-loop-helix (bHLH) DNA-binding superfamily protein,,2901,Chr1,10491698,10494598
AT1G29950,basic helix-loop-helix (bHLH) DNA-binding superfamily protein,,2901,Chr1,10491698,10494598
AT1G29950,basic helix-loop-helix (bHLH) DNA-binding superfamily protein,,2901,Chr1,10491698,10494598
AT1G31050,basic helix-loop-helix (bHLH) DNA-binding superfamily protein,,3614,Chr1,11075627,11079240
AT1G31050,basic helix-loop-helix (bHLH) DNA-binding superfamily protein,,3614,Chr1,11075627,11079240
AT1G31050,basic helix-loop-helix (bHLH) DNA-binding superfamily protein,,3614,Chr1,11075627,11079240
AT1G31050,basic helix-loop-helix (bHLH) DNA-binding superfamily protein,,3614,Chr1,11075627,11079240
AT1G31050,basic helix-loop-helix (bHLH) DNA-binding superfamily protein,,3614,Chr1,11075627,11079240
AT1G31050,basic helix-loop-helix (bHLH) DNA-binding superfamily protein,,3614,Chr1,11075627,11079240
AT1G51070,basic helix-loop-helix (bHLH) DNA-binding superfamily protein,bHLH115,1886,Chr1,18927877,18929762
AT1G51070,basic helix-loop-helix (bHLH) DNA-binding superfamily protein,bHLH115,1886,Chr1,18927877,18929762
AT1G51070,basic helix-loop-helix (bHLH) DNA-binding superfamily protein,bHLH115,1886,Chr1,18927877,18929762
AT1G51070,basic helix-loop-helix (bHLH) DNA-binding superfamily protein,bHLH115,1886,Chr1,18927877,18929762
AT1G51070,basic helix-loop-helix (bHLH) DNA-binding superfamily protein,bHLH115,1886,Chr1,18927877,18929762
AT1G51070,basic helix-loop-helix (bHLH) DNA-binding superfamily protein,bHLH115,1886,Chr1,18927877,18929762
AT1G51140,basic helix-loop-helix (bHLH) DNA-binding superfamily protein,,2297,Chr1,18943457,18945753
AT1G51140,basic helix-loop-helix (bHLH) DNA-binding superfamily protein,,2297,Chr1,18943457,18945753
AT1G51140,basic helix-loop-helix (bHLH) DNA-binding superfamily protein,,2297,Chr1,18943457,18945753
AT1G51140,basic helix-loop-helix (bHLH) DNA-binding superfamily protein,,2297,Chr1,18943457,18945753
AT1G51140,basic helix-loop-helix (bHLH) DNA-binding superfamily protein,,2297,Chr1,18943457,18945753
AT1G51140,basic helix-loop-helix (bHLH) DNA-binding superfamily protein,,2297,Chr1,18943457,18945753
AT1G61660,basic helix-loop-helix (bHLH) DNA-binding superfamily protein,,2586,Chr1,22753715,22756300
AT1G61660,basic helix-loop-helix (bHLH) DNA-binding superfamily protein,,2586,Chr1,22753715,22756300
AT1G61660,basic helix-loop-helix (bHLH) DNA-binding superfamily protein,,2586,Chr1,22753715,22756300
AT1G61660,basic helix-loop-helix (bHLH) DNA-binding superfamily protein,,2586,Chr1,22753715,22756300
AT1G61660,basic helix-loop-helix (bHLH) DNA-binding superfamily protein,,2586,Chr1,22753715,22756300
AT1G61660,basic helix-loop-helix (bHLH) DNA-binding superfamily protein,,2586,Chr1,22753715,22756300
AT1G62975,basic helix-loop-helix (bHLH) DNA-binding superfamily protein,,1927,Chr1,23328850,23330776
AT1G62975,basic helix-loop-helix (bHLH) DNA-binding superfamily protein,,1927,Chr1,23328850,23330776
AT1G62975,basic helix-loop-helix (bHLH) DNA-binding superfamily protein,,1927,Chr1,23328850,23330776
AT1G62975,basic helix-loop-helix (bHLH) DNA-binding superfamily protein,,1927,Chr1,23328850,23330776
AT1G62975,basic helix-loop-helix (bHLH) DNA-binding superfamily protein,,1927,Chr1,23328850,23330776
AT1G62975,basic helix-loop-helix (bHLH) DNA-binding superfamily protein,,1927,Chr1,23328850,23330776
AT1G63650,basic helix-loop-helix (bHLH) DNA-binding superfamily protein,EGL3,3490,Chr1,23599413,23602902
AT1G63650,basic helix-loop-helix (bHLH) DNA-binding superfamily protein,EGL3,3490,Chr1,23599413,23602902
AT1G63650,basic helix-loop-helix (bHLH) DNA-binding superfamily protein,EGL3,3490,Chr1,23599413,23602902
AT1G63650,basic helix-loop-helix (bHLH) DNA-binding superfamily protein,EGL3,3490,Chr1,23599413,23602902
AT1G63650,basic helix-loop-helix (bHLH) DNA-binding superfamily protein,EGL3,3490,Chr1,23599413,23602902
AT1G63650,basic helix-loop-helix (bHLH) DNA-binding superfamily protein,EGL3,3490,Chr1,23599413,23602902
AT1G64625,Serine/threonine-protein kinase WNK (With No Lysine)-related,,2629,Chr1,24016643,24019271
AT1G64625,Serine/threonine-protein kinase WNK (With No Lysine)-related,,2629,Chr1,24016643,24019271
AT1G64625,Serine/threonine-protein kinase WNK (With No Lysine)-related,,2629,Chr1,24016643,24019271
AT1G64625,Serine/threonine-protein kinase WNK (With No Lysine)-related,,2629,Chr1,24016643,24019271
AT1G64625,Serine/threonine-protein kinase WNK (With No Lysine)-related,,2629,Chr1,24016643,24019271
AT1G64625,Serine/threonine-protein kinase WNK (With No Lysine)-related,,2629,Chr1,24016643,24019271
AT1G68240,basic helix-loop-helix (bHLH) DNA-binding superfamily protein,,1266,Chr1,25574864,25576129
AT1G68240,basic helix-loop-helix (bHLH) DNA-binding superfamily protein,,1266,Chr1,25574864,25576129
AT1G68240,basic helix-loop-helix (bHLH) DNA-binding superfamily protein,,1266,Chr1,25574864,25576129
AT1G68240,basic helix-loop-helix (bHLH) DNA-binding superfamily protein,,1266,Chr1,25574864,25576129
AT1G68240,basic helix-loop-helix (bHLH) DNA-binding superfamily protein,,1266,Chr1,25574864,25576129
AT1G68240,basic helix-loop-helix (bHLH) DNA-binding superfamily protein,,1266,Chr1,25574864,25576129
AT1G69010,BES1-interacting Myc-like protein 2,BIM2,2162,Chr1,25941675,25943836
AT1G69010,BES1-interacting Myc-like protein 2,BIM2,2162,Chr1,25941675,25943836
AT1G69010,BES1-interacting Myc-like protein 2,BIM2,2162,Chr1,25941675,25943836
AT1G69010,BES1-interacting Myc-like protein 2,BIM2,2162,Chr1,25941675,25943836
AT1G69010,BES1-interacting Myc-like protein 2,BIM2,2162,Chr1,25941675,25943836
AT1G69010,BES1-interacting Myc-like protein 2,BIM2,2162,Chr1,25941675,25943836
AT1G71200,basic helix-loop-helix (bHLH) DNA-binding superfamily protein,,1336,Chr1,26835973,26837308
AT1G71200,basic helix-loop-helix (bHLH) DNA-binding superfamily protein,,1336,Chr1,26835973,26837308
AT1G71200,basic helix-loop-helix (bHLH) DNA-binding superfamily protein,,1336,Chr1,26835973,26837308
AT1G71200,basic helix-loop-helix (bHLH) DNA-binding superfamily protein,,1336,Chr1,26835973,26837308
AT1G71200,basic helix-loop-helix (bHLH) DNA-binding superfamily protein,,1336,Chr1,26835973,26837308
AT1G71200,basic helix-loop-helix (bHLH) DNA-binding superfamily protein,,1336,Chr1,26835973,26837308
AT1G74480,RWP-RK domain-containing protein,,1147,Chr1,27993032,27994178
AT1G74480,RWP-RK domain-containing protein,,1147,Chr1,27993032,27994178
AT1G74480,RWP-RK domain-containing protein,,1147,Chr1,27993032,27994178
AT1G74480,RWP-RK domain-containing protein,,1147,Chr1,27993032,27994178
AT1G74480,RWP-RK domain-containing protein,,1147,Chr1,27993032,27994178
AT1G74480,RWP-RK domain-containing protein,,1147,Chr1,27993032,27994178
AT1G74500,activation-tagged BRI1(brassinosteroid-insensitive 1)-suppressor 1,BS1,647,Chr1,27998175,27998821
AT1G74500,activation-tagged BRI1(brassinosteroid-insensitive 1)-suppressor 1,BS1,647,Chr1,27998175,27998821
AT1G74500,activation-tagged BRI1(brassinosteroid-insensitive 1)-suppressor 1,BS1,647,Chr1,27998175,27998821
AT1G74500,activation-tagged BRI1(brassinosteroid-insensitive 1)-suppressor 1,BS1,647,Chr1,27998175,27998821
AT1G74500,activation-tagged BRI1(brassinosteroid-insensitive 1)-suppressor 1,BS1,647,Chr1,27998175,27998821
AT1G74500,activation-tagged BRI1(brassinosteroid-insensitive 1)-suppressor 1,BS1,647,Chr1,27998175,27998821
AT2G16910,basic helix-loop-helix (bHLH) DNA-binding superfamily protein,AMS,2534,Chr2,7331721,7334254
AT2G16910,basic helix-loop-helix (bHLH) DNA-binding superfamily protein,AMS,2534,Chr2,7331721,7334254
AT2G16910,basic helix-loop-helix (bHLH) DNA-binding superfamily protein,AMS,2534,Chr2,7331721,7334254
AT2G16910,basic helix-loop-helix (bHLH) DNA-binding superfamily protein,AMS,2534,Chr2,7331721,7334254
AT2G16910,basic helix-loop-helix (bHLH) DNA-binding superfamily protein,AMS,2534,Chr2,7331721,7334254
AT2G16910,basic helix-loop-helix (bHLH) DNA-binding superfamily protein,AMS,2534,Chr2,7331721,7334254
AT2G20180,phytochrome interacting factor 3-like 5,PIL5,2877,Chr2,8704024,8706900
AT2G20180,phytochrome interacting factor 3-like 5,PIL5,2877,Chr2,8704024,8706900
AT2G20180,phytochrome interacting factor 3-like 5,PIL5,2877,Chr2,8704024,8706900
AT2G20180,phytochrome interacting factor 3-like 5,PIL5,2877,Chr2,8704024,8706900
AT2G20180,phytochrome interacting factor 3-like 5,PIL5,2877,Chr2,8704024,8706900
AT2G20180,phytochrome interacting factor 3-like 5,PIL5,2877,Chr2,8704024,8706900
AT2G22750,basic helix-loop-helix (bHLH) DNA-binding superfamily protein,,1785,Chr2,9672144,9673928
AT2G22750,basic helix-loop-helix (bHLH) DNA-binding superfamily protein,,1785,Chr2,9672144,9673928
AT2G22750,basic helix-loop-helix (bHLH) DNA-binding superfamily protein,,1785,Chr2,9672144,9673928
AT2G22750,basic helix-loop-helix (bHLH) DNA-binding superfamily protein,,1785,Chr2,9672144,9673928
AT2G22750,basic helix-loop-helix (bHLH) DNA-binding superfamily protein,,1785,Chr2,9672144,9673928
AT2G22750,basic helix-loop-helix (bHLH) DNA-binding superfamily protein,,1785,Chr2,9672144,9673928
AT2G22760,basic helix-loop-helix (bHLH) DNA-binding superfamily protein,,1485,Chr2,9677880,9679364
AT2G22760,basic helix-loop-helix (bHLH) DNA-binding superfamily protein,,1485,Chr2,9677880,9679364
AT2G22760,basic helix-loop-helix (bHLH) DNA-binding superfamily protein,,1485,Chr2,9677880,9679364
AT2G22760,basic helix-loop-helix (bHLH) DNA-binding superfamily protein,,1485,Chr2,9677880,9679364
AT2G22760,basic helix-loop-helix (bHLH) DNA-binding superfamily protein,,1485,Chr2,9677880,9679364
AT2G22760,basic helix-loop-helix (bHLH) DNA-binding superfamily protein,,1485,Chr2,9677880,9679364
AT2G22770,basic helix-loop-helix (bHLH) DNA-binding superfamily protein,NAI1,1871,Chr2,9684725,9686595
AT2G22770,basic helix-loop-helix (bHLH) DNA-binding superfamily protein,NAI1,1871,Chr2,9684725,9686595
AT2G22770,basic helix-loop-helix (bHLH) DNA-binding superfamily protein,NAI1,1871,Chr2,9684725,9686595
AT2G22770,basic helix-loop-helix (bHLH) DNA-binding superfamily protein,NAI1,1871,Chr2,9684725,9686595
AT2G22770,basic helix-loop-helix (bHLH) DNA-binding superfamily protein,NAI1,1871,Chr2,9684725,9686595
AT2G22770,basic helix-loop-helix (bHLH) DNA-binding superfamily protein,NAI1,1871,Chr2,9684725,9686595
AT2G27230,transcription factor-related,LHW,3786,Chr2,11650358,11654143
AT2G27230,transcription factor-related,LHW,3786,Chr2,11650358,11654143
AT2G27230,transcription factor-related,LHW,3786,Chr2,11650358,11654143
AT2G27230,transcription factor-related,LHW,3786,Chr2,11650358,11654143
AT2G27230,transcription factor-related,LHW,3786,Chr2,11650358,11654143
AT2G27230,transcription factor-related,LHW,3786,Chr2,11650358,11654143
AT2G30470,high-level expression of sugar-inducible gene 2,HSI2,4537,Chr2,12980507,12985043
AT2G30470,high-level expression of sugar-inducible gene 2,HSI2,4537,Chr2,12980507,12985043
AT2G30470,high-level expression of sugar-inducible gene 2,HSI2,4537,Chr2,12980507,12985043
AT2G30470,high-level expression of sugar-inducible gene 2,HSI2,4537,Chr2,12980507,12985043
AT2G30470,high-level expression of sugar-inducible gene 2,HSI2,4537,Chr2,12980507,12985043
AT2G30470,high-level expression of sugar-inducible gene 2,HSI2,4537,Chr2,12980507,12985043
AT2G31215,basic helix-loop-helix (bHLH) DNA-binding superfamily protein,,496,Chr2,13299807,13300302
AT2G31215,basic helix-loop-helix (bHLH) DNA-binding superfamily protein,,496,Chr2,13299807,13300302
AT2G31215,basic helix-loop-helix (bHLH) DNA-binding superfamily protein,,496,Chr2,13299807,13300302
AT2G31215,basic helix-loop-helix (bHLH) DNA-binding superfamily protein,,496,Chr2,13299807,13300302
AT2G31215,basic helix-loop-helix (bHLH) DNA-binding superfamily protein,,496,Chr2,13299807,13300302
AT2G31215,basic helix-loop-helix (bHLH) DNA-binding superfamily protein,,496,Chr2,13299807,13300302
AT2G31220,basic helix-loop-helix (bHLH) DNA-binding superfamily protein,,2189,Chr2,13302681,13304869
AT2G31220,basic helix-loop-helix (bHLH) DNA-binding superfamily protein,,2189,Chr2,13302681,13304869
AT2G31220,basic helix-loop-helix (bHLH) DNA-binding superfamily protein,,2189,Chr2,13302681,13304869
AT2G31220,basic helix-loop-helix (bHLH) DNA-binding superfamily protein,,2189,Chr2,13302681,13304869
AT2G31220,basic helix-loop-helix (bHLH) DNA-binding superfamily protein,,2189,Chr2,13302681,13304869
AT2G31220,basic helix-loop-helix (bHLH) DNA-binding superfamily protein,,2189,Chr2,13302681,13304869
AT2G31280,conserved peptide upstream open reading frame 7,CPUORF7,4580,Chr2,13339087,13343666
AT2G31280,conserved peptide upstream open reading frame 7,CPUORF7,4580,Chr2,13339087,13343666
AT2G31280,conserved peptide upstream open reading frame 7,CPUORF7,4580,Chr2,13339087,13343666
AT2G31280,conserved peptide upstream open reading frame 7,CPUORF7,4580,Chr2,13339087,13343666
AT2G31280,conserved peptide upstream open reading frame 7,CPUORF7,4580,Chr2,13339087,13343666
AT2G31280,conserved peptide upstream open reading frame 7,CPUORF7,4580,Chr2,13339087,13343666
AT2G31730,basic helix-loop-helix (bHLH) DNA-binding superfamily protein,,2112,Chr2,13487568,13489679
AT2G31730,basic helix-loop-helix (bHLH) DNA-binding superfamily protein,,2112,Chr2,13487568,13489679
AT2G31730,basic helix-loop-helix (bHLH) DNA-binding superfamily protein,,2112,Chr2,13487568,13489679
AT2G31730,basic helix-loop-helix (bHLH) DNA-binding superfamily protein,,2112,Chr2,13487568,13489679
AT2G31730,basic helix-loop-helix (bHLH) DNA-binding superfamily protein,,2112,Chr2,13487568,13489679
AT2G31730,basic helix-loop-helix (bHLH) DNA-binding superfamily protein,,2112,Chr2,13487568,13489679
AT2G41130,basic helix-loop-helix (bHLH) DNA-binding superfamily protein,,1656,Chr2,17143294,17144949
AT2G41130,basic helix-loop-helix (bHLH) DNA-binding superfamily protein,,1656,Chr2,17143294,17144949
AT2G41130,basic helix-loop-helix (bHLH) DNA-binding superfamily protein,,1656,Chr2,17143294,17144949
AT2G41130,basic helix-loop-helix (bHLH) DNA-binding superfamily protein,,1656,Chr2,17143294,17144949
AT2G41130,basic helix-loop-helix (bHLH) DNA-binding superfamily protein,,1656,Chr2,17143294,17144949
AT2G41130,basic helix-loop-helix (bHLH) DNA-binding superfamily protein,,1656,Chr2,17143294,17144949
AT2G41240,basic helix-loop-helix protein 100,BHLH100,1039,Chr2,17198282,17199320
AT2G41240,basic helix-loop-helix protein 100,BHLH100,1039,Chr2,17198282,17199320
AT2G41240,basic helix-loop-helix protein 100,BHLH100,1039,Chr2,17198282,17199320
AT2G41240,basic helix-loop-helix protein 100,BHLH100,1039,Chr2,17198282,17199320
AT2G41240,basic helix-loop-helix protein 100,BHLH100,1039,Chr2,17198282,17199320
AT2G41240,basic helix-loop-helix protein 100,BHLH100,1039,Chr2,17198282,17199320
AT2G42280,basic helix-loop-helix (bHLH) DNA-binding superfamily protein,,2335,Chr2,17611185,17613519
AT2G42280,basic helix-loop-helix (bHLH) DNA-binding superfamily protein,,2335,Chr2,17611185,17613519
AT2G42280,basic helix-loop-helix (bHLH) DNA-binding superfamily protein,,2335,Chr2,17611185,17613519
AT2G42280,basic helix-loop-helix (bHLH) DNA-binding superfamily protein,,2335,Chr2,17611185,17613519
AT2G42280,basic helix-loop-helix (bHLH) DNA-binding superfamily protein,,2335,Chr2,17611185,17613519
AT2G42280,basic helix-loop-helix (bHLH) DNA-binding superfamily protein,,2335,Chr2,17611185,17613519
AT2G43060,ILI1 binding bHLH 1,IBH1,898,Chr2,17909185,17910082
AT2G43060,ILI1 binding bHLH 1,IBH1,898,Chr2,17909185,17910082
AT2G43060,ILI1 binding bHLH 1,IBH1,898,Chr2,17909185,17910082
AT2G43060,ILI1 binding bHLH 1,IBH1,898,Chr2,17909185,17910082
AT2G43060,ILI1 binding bHLH 1,IBH1,898,Chr2,17909185,17910082
AT2G43060,ILI1 binding bHLH 1,IBH1,898,Chr2,17909185,17910082
AT2G43140,basic helix-loop-helix (bHLH) DNA-binding superfamily protein,,4162,Chr2,17931525,17935686
AT2G43140,basic helix-loop-helix (bHLH) DNA-binding superfamily protein,,4162,Chr2,17931525,17935686
AT2G43140,basic helix-loop-helix (bHLH) DNA-binding superfamily protein,,4162,Chr2,17931525,17935686
AT2G43140,basic helix-loop-helix (bHLH) DNA-binding superfamily protein,,4162,Chr2,17931525,17935686
AT2G43140,basic helix-loop-helix (bHLH) DNA-binding superfamily protein,,4162,Chr2,17931525,17935686
AT2G43140,basic helix-loop-helix (bHLH) DNA-binding superfamily protein,,4162,Chr2,17931525,17935686
AT2G46510,ABA-inducible BHLH-type transcription factor,AIB,2363,Chr2,19090953,19093315
AT2G46510,ABA-inducible BHLH-type transcription factor,AIB,2363,Chr2,19090953,19093315
AT2G46510,ABA-inducible BHLH-type transcription factor,AIB,2363,Chr2,19090953,19093315
AT2G46510,ABA-inducible BHLH-type transcription factor,AIB,2363,Chr2,19090953,19093315
AT2G46510,ABA-inducible BHLH-type transcription factor,AIB,2363,Chr2,19090953,19093315
AT2G46510,ABA-inducible BHLH-type transcription factor,AIB,2363,Chr2,19090953,19093315
AT2G46970,phytochrome interacting factor 3-like 1,PIL1,2337,Chr2,19295490,19297826
AT2G46970,phytochrome interacting factor 3-like 1,PIL1,2337,Chr2,19295490,19297826
AT2G46970,phytochrome interacting factor 3-like 1,PIL1,2337,Chr2,19295490,19297826
AT2G46970,phytochrome interacting factor 3-like 1,PIL1,2337,Chr2,19295490,19297826
AT2G46970,phytochrome interacting factor 3-like 1,PIL1,2337,Chr2,19295490,19297826
AT2G46970,phytochrome interacting factor 3-like 1,PIL1,2337,Chr2,19295490,19297826
AT2G47270,sequence-specific DNA binding transcription factors;transcription regulators,,592,Chr2,19411560,19412151
AT2G47270,sequence-specific DNA binding transcription factors;transcription regulators,,592,Chr2,19411560,19412151
AT2G47270,sequence-specific DNA binding transcription factors;transcription regulators,,592,Chr2,19411560,19412151
AT2G47270,sequence-specific DNA binding transcription factors;transcription regulators,,592,Chr2,19411560,19412151
AT2G47270,sequence-specific DNA binding transcription factors;transcription regulators,,592,Chr2,19411560,19412151
AT2G47270,sequence-specific DNA binding transcription factors;transcription regulators,,592,Chr2,19411560,19412151
AT3G05800,AtBS1(activation-tagged BRI1 suppressor 1)-interacting factor 1,AIF1,991,Chr3,1727306,1728296
AT3G05800,AtBS1(activation-tagged BRI1 suppressor 1)-interacting factor 1,AIF1,991,Chr3,1727306,1728296
AT3G05800,AtBS1(activation-tagged BRI1 suppressor 1)-interacting factor 1,AIF1,991,Chr3,1727306,1728296
AT3G05800,AtBS1(activation-tagged BRI1 suppressor 1)-interacting factor 1,AIF1,991,Chr3,1727306,1728296
AT3G05800,AtBS1(activation-tagged BRI1 suppressor 1)-interacting factor 1,AIF1,991,Chr3,1727306,1728296
AT3G05800,AtBS1(activation-tagged BRI1 suppressor 1)-interacting factor 1,AIF1,991,Chr3,1727306,1728296
AT3G06590,basic helix-loop-helix (bHLH) DNA-binding superfamily protein,,2722,Chr3,2052693,2055414
AT3G06590,basic helix-loop-helix (bHLH) DNA-binding superfamily protein,,2722,Chr3,2052693,2055414
AT3G06590,basic helix-loop-helix (bHLH) DNA-binding superfamily protein,,2722,Chr3,2052693,2055414
AT3G06590,basic helix-loop-helix (bHLH) DNA-binding superfamily protein,,2722,Chr3,2052693,2055414
AT3G06590,basic helix-loop-helix (bHLH) DNA-binding superfamily protein,,2722,Chr3,2052693,2055414
AT3G06590,basic helix-loop-helix (bHLH) DNA-binding superfamily protein,,2722,Chr3,2052693,2055414
AT3G17010,AP2/B3-like transcriptional factor family protein,,2009,Chr3,5800460,5802468
AT3G17010,AP2/B3-like transcriptional factor family protein,,2009,Chr3,5800460,5802468
AT3G17010,AP2/B3-like transcriptional factor family protein,,2009,Chr3,5800460,5802468
AT3G17010,AP2/B3-like transcriptional factor family protein,,2009,Chr3,5800460,5802468
AT3G17010,AP2/B3-like transcriptional factor family protein,,2009,Chr3,5800460,5802468
AT3G17010,AP2/B3-like transcriptional factor family protein,,2009,Chr3,5800460,5802468
AT3G17100,sequence-specific DNA binding transcription factors,,1226,Chr3,5831194,5832419
AT3G17100,sequence-specific DNA binding transcription factors,,1226,Chr3,5831194,5832419
AT3G17100,sequence-specific DNA binding transcription factors,,1226,Chr3,5831194,5832419
AT3G17100,sequence-specific DNA binding transcription factors,,1226,Chr3,5831194,5832419
AT3G17100,sequence-specific DNA binding transcription factors,,1226,Chr3,5831194,5832419
AT3G17100,sequence-specific DNA binding transcription factors,,1226,Chr3,5831194,5832419
AT3G18990,AP2/B3-like transcriptional factor family protein,VRN1,2985,Chr3,6548869,6551853
AT3G18990,AP2/B3-like transcriptional factor family protein,VRN1,2985,Chr3,6548869,6551853
AT3G18990,AP2/B3-like transcriptional factor family protein,VRN1,2985,Chr3,6548869,6551853
AT3G18990,AP2/B3-like transcriptional factor family protein,VRN1,2985,Chr3,6548869,6551853
AT3G18990,AP2/B3-like transcriptional factor family protein,VRN1,2985,Chr3,6548869,6551853
AT3G18990,AP2/B3-like transcriptional factor family protein,VRN1,2985,Chr3,6548869,6551853
AT3G19500,basic helix-loop-helix (bHLH) DNA-binding superfamily protein,,1924,Chr3,6759016,6760939
AT3G19500,basic helix-loop-helix (bHLH) DNA-binding superfamily protein,,1924,Chr3,6759016,6760939
AT3G19500,basic helix-loop-helix (bHLH) DNA-binding superfamily protein,,1924,Chr3,6759016,6760939
AT3G19500,basic helix-loop-helix (bHLH) DNA-binding superfamily protein,,1924,Chr3,6759016,6760939
AT3G19500,basic helix-loop-helix (bHLH) DNA-binding superfamily protein,,1924,Chr3,6759016,6760939
AT3G19500,basic helix-loop-helix (bHLH) DNA-binding superfamily protein,,1924,Chr3,6759016,6760939
AT3G19860,basic helix-loop-helix (bHLH) DNA-binding superfamily protein,bHLH121,2296,Chr3,6903833,6906128
AT3G19860,basic helix-loop-helix (bHLH) DNA-binding superfamily protein,bHLH121,2296,Chr3,6903833,6906128
AT3G19860,basic helix-loop-helix (bHLH) DNA-binding superfamily protein,bHLH121,2296,Chr3,6903833,6906128
AT3G19860,basic helix-loop-helix (bHLH) DNA-binding superfamily protein,bHLH121,2296,Chr3,6903833,6906128
AT3G19860,basic helix-loop-helix (bHLH) DNA-binding superfamily protein,bHLH121,2296,Chr3,6903833,6906128
AT3G19860,basic helix-loop-helix (bHLH) DNA-binding superfamily protein,bHLH121,2296,Chr3,6903833,6906128
AT3G20640,basic helix-loop-helix (bHLH) DNA-binding superfamily protein,,2893,Chr3,7210407,7213299
AT3G20640,basic helix-loop-helix (bHLH) DNA-binding superfamily protein,,2893,Chr3,7210407,7213299
AT3G20640,basic helix-loop-helix (bHLH) DNA-binding superfamily protein,,2893,Chr3,7210407,7213299
AT3G20640,basic helix-loop-helix (bHLH) DNA-binding superfamily protein,,2893,Chr3,7210407,7213299
AT3G20640,basic helix-loop-helix (bHLH) DNA-binding superfamily protein,,2893,Chr3,7210407,7213299
AT3G20640,basic helix-loop-helix (bHLH) DNA-binding superfamily protein,,2893,Chr3,7210407,7213299
AT3G22100,basic helix-loop-helix (bHLH) DNA-binding superfamily protein,,759,Chr3,7783711,7784469
AT3G22100,basic helix-loop-helix (bHLH) DNA-binding superfamily protein,,759,Chr3,7783711,7784469
AT3G22100,basic helix-loop-helix (bHLH) DNA-binding superfamily protein,,759,Chr3,7783711,7784469
AT3G22100,basic helix-loop-helix (bHLH) DNA-binding superfamily protein,,759,Chr3,7783711,7784469
AT3G22100,basic helix-loop-helix (bHLH) DNA-binding superfamily protein,,759,Chr3,7783711,7784469
AT3G22100,basic helix-loop-helix (bHLH) DNA-binding superfamily protein,,759,Chr3,7783711,7784469
AT3G24650,AP2/B3-like transcriptional factor family protein,ABI3,3694,Chr3,8997370,9001063
AT3G24650,AP2/B3-like transcriptional factor family protein,ABI3,3694,Chr3,8997370,9001063
AT3G24650,AP2/B3-like transcriptional factor family protein,ABI3,3694,Chr3,8997370,9001063
AT3G24650,AP2/B3-like transcriptional factor family protein,ABI3,3694,Chr3,8997370,9001063
AT3G24650,AP2/B3-like transcriptional factor family protein,ABI3,3694,Chr3,8997370,9001063
AT3G24650,AP2/B3-like transcriptional factor family protein,ABI3,3694,Chr3,8997370,9001063
AT3G26744,basic helix-loop-helix (bHLH) DNA-binding superfamily protein,ICE1,2559,Chr3,9832689,9835247
AT3G26744,basic helix-loop-helix (bHLH) DNA-binding superfamily protein,ICE1,2559,Chr3,9832689,9835247
AT3G26744,basic helix-loop-helix (bHLH) DNA-binding superfamily protein,ICE1,2559,Chr3,9832689,9835247
AT3G26744,basic helix-loop-helix (bHLH) DNA-binding superfamily protein,ICE1,2559,Chr3,9832689,9835247
AT3G26744,basic helix-loop-helix (bHLH) DNA-binding superfamily protein,ICE1,2559,Chr3,9832689,9835247
AT3G26744,basic helix-loop-helix (bHLH) DNA-binding superfamily protein,ICE1,2559,Chr3,9832689,9835247
AT3G26790,AP2/B3-like transcriptional factor family protein,FUS3,2162,Chr3,9853828,9855989
AT3G26790,AP2/B3-like transcriptional factor family protein,FUS3,2162,Chr3,9853828,9855989
AT3G26790,AP2/B3-like transcriptional factor family protein,FUS3,2162,Chr3,9853828,9855989
AT3G26790,AP2/B3-like transcriptional factor family protein,FUS3,2162,Chr3,9853828,9855989
AT3G26790,AP2/B3-like transcriptional factor family protein,FUS3,2162,Chr3,9853828,9855989
AT3G26790,AP2/B3-like transcriptional factor family protein,FUS3,2162,Chr3,9853828,9855989
AT3G47710,BANQUO 3,BNQ3,727,Chr3,17590729,17591455
AT3G47710,BANQUO 3,BNQ3,727,Chr3,17590729,17591455
AT3G47710,BANQUO 3,BNQ3,727,Chr3,17590729,17591455
AT3G47710,BANQUO 3,BNQ3,727,Chr3,17590729,17591455
AT3G47710,BANQUO 3,BNQ3,727,Chr3,17590729,17591455
AT3G47710,BANQUO 3,BNQ3,727,Chr3,17590729,17591455
AT3G56770,basic helix-loop-helix (bHLH) DNA-binding superfamily protein,,1417,Chr3,21029202,21030618
AT3G56770,basic helix-loop-helix (bHLH) DNA-binding superfamily protein,,1417,Chr3,21029202,21030618
AT3G56770,basic helix-loop-helix (bHLH) DNA-binding superfamily protein,,1417,Chr3,21029202,21030618
AT3G56770,basic helix-loop-helix (bHLH) DNA-binding superfamily protein,,1417,Chr3,21029202,21030618
AT3G56770,basic helix-loop-helix (bHLH) DNA-binding superfamily protein,,1417,Chr3,21029202,21030618
AT3G56770,basic helix-loop-helix (bHLH) DNA-binding superfamily protein,,1417,Chr3,21029202,21030618
AT3G62090,phytochrome interacting factor 3-like 2,PIL2,2163,Chr3,22988547,22990709
AT3G62090,phytochrome interacting factor 3-like 2,PIL2,2163,Chr3,22988547,22990709
AT3G62090,phytochrome interacting factor 3-like 2,PIL2,2163,Chr3,22988547,22990709
AT3G62090,phytochrome interacting factor 3-like 2,PIL2,2163,Chr3,22988547,22990709
AT3G62090,phytochrome interacting factor 3-like 2,PIL2,2163,Chr3,22988547,22990709
AT3G62090,phytochrome interacting factor 3-like 2,PIL2,2163,Chr3,22988547,22990709
AT4G00050,basic helix-loop-helix (bHLH) DNA-binding superfamily protein,UNE10,2275,Chr4,17792,20066
AT4G00050,basic helix-loop-helix (bHLH) DNA-binding superfamily protein,UNE10,2275,Chr4,17792,20066
AT4G00050,basic helix-loop-helix (bHLH) DNA-binding superfamily protein,UNE10,2275,Chr4,17792,20066
AT4G00050,basic helix-loop-helix (bHLH) DNA-binding superfamily protein,UNE10,2275,Chr4,17792,20066
AT4G00050,basic helix-loop-helix (bHLH) DNA-binding superfamily protein,UNE10,2275,Chr4,17792,20066
AT4G00050,basic helix-loop-helix (bHLH) DNA-binding superfamily protein,UNE10,2275,Chr4,17792,20066
AT4G00480,basic helix-loop-helix (bHLH) DNA-binding superfamily protein,ATMYC1,2932,Chr4,216812,219743
AT4G00480,basic helix-loop-helix (bHLH) DNA-binding superfamily protein,ATMYC1,2932,Chr4,216812,219743
AT4G00480,basic helix-loop-helix (bHLH) DNA-binding superfamily protein,ATMYC1,2932,Chr4,216812,219743
AT4G00480,basic helix-loop-helix (bHLH) DNA-binding superfamily protein,ATMYC1,2932,Chr4,216812,219743
AT4G00480,basic helix-loop-helix (bHLH) DNA-binding superfamily protein,ATMYC1,2932,Chr4,216812,219743
AT4G00480,basic helix-loop-helix (bHLH) DNA-binding superfamily protein,ATMYC1,2932,Chr4,216812,219743
AT4G00870,basic helix-loop-helix (bHLH) DNA-binding superfamily protein,,1523,Chr4,362169,363691
AT4G00870,basic helix-loop-helix (bHLH) DNA-binding superfamily protein,,1523,Chr4,362169,363691
AT4G00870,basic helix-loop-helix (bHLH) DNA-binding superfamily protein,,1523,Chr4,362169,363691
AT4G00870,basic helix-loop-helix (bHLH) DNA-binding superfamily protein,,1523,Chr4,362169,363691
AT4G00870,basic helix-loop-helix (bHLH) DNA-binding superfamily protein,,1523,Chr4,362169,363691
AT4G00870,basic helix-loop-helix (bHLH) DNA-binding superfamily protein,,1523,Chr4,362169,363691
AT4G05170,basic helix-loop-helix (bHLH) DNA-binding superfamily protein,,1375,Chr4,2667990,2669364
AT4G05170,basic helix-loop-helix (bHLH) DNA-binding superfamily protein,,1375,Chr4,2667990,2669364
AT4G05170,basic helix-loop-helix (bHLH) DNA-binding superfamily protein,,1375,Chr4,2667990,2669364
AT4G05170,basic helix-loop-helix (bHLH) DNA-binding superfamily protein,,1375,Chr4,2667990,2669364
AT4G05170,basic helix-loop-helix (bHLH) DNA-binding superfamily protein,,1375,Chr4,2667990,2669364
AT4G05170,basic helix-loop-helix (bHLH) DNA-binding superfamily protein,,1375,Chr4,2667990,2669364
AT4G14410,basic helix-loop-helix (bHLH) DNA-binding superfamily protein,bHLH104,1909,Chr4,8299759,8301667
AT4G14410,basic helix-loop-helix (bHLH) DNA-binding superfamily protein,bHLH104,1909,Chr4,8299759,8301667
AT4G14410,basic helix-loop-helix (bHLH) DNA-binding superfamily protein,bHLH104,1909,Chr4,8299759,8301667
AT4G14410,basic helix-loop-helix (bHLH) DNA-binding superfamily protein,bHLH104,1909,Chr4,8299759,8301667
AT4G14410,basic helix-loop-helix (bHLH) DNA-binding superfamily protein,bHLH104,1909,Chr4,8299759,8301667
AT4G14410,basic helix-loop-helix (bHLH) DNA-binding superfamily protein,bHLH104,1909,Chr4,8299759,8301667
AT4G20970,basic helix-loop-helix (bHLH) DNA-binding superfamily protein,,954,Chr4,11215259,11216212
AT4G20970,basic helix-loop-helix (bHLH) DNA-binding superfamily protein,,954,Chr4,11215259,11216212
AT4G20970,basic helix-loop-helix (bHLH) DNA-binding superfamily protein,,954,Chr4,11215259,11216212
AT4G20970,basic helix-loop-helix (bHLH) DNA-binding superfamily protein,,954,Chr4,11215259,11216212
AT4G20970,basic helix-loop-helix (bHLH) DNA-binding superfamily protein,,954,Chr4,11215259,11216212
AT4G20970,basic helix-loop-helix (bHLH) DNA-binding superfamily protein,,954,Chr4,11215259,11216212
AT4G21330,basic helix-loop-helix (bHLH) DNA-binding superfamily protein,DYT1,773,Chr4,11349922,11350694
AT4G21330,basic helix-loop-helix (bHLH) DNA-binding superfamily protein,DYT1,773,Chr4,11349922,11350694
AT4G21330,basic helix-loop-helix (bHLH) DNA-binding superfamily protein,DYT1,773,Chr4,11349922,11350694
AT4G21330,basic helix-loop-helix (bHLH) DNA-binding superfamily protein,DYT1,773,Chr4,11349922,11350694
AT4G21330,basic helix-loop-helix (bHLH) DNA-binding superfamily protein,DYT1,773,Chr4,11349922,11350694
AT4G21330,basic helix-loop-helix (bHLH) DNA-binding superfamily protein,DYT1,773,Chr4,11349922,11350694
AT4G21340,basic helix-loop-helix (bHLH) DNA-binding superfamily protein,B70,1792,Chr4,11352985,11354776
AT4G21340,basic helix-loop-helix (bHLH) DNA-binding superfamily protein,B70,1792,Chr4,11352985,11354776
AT4G21340,basic helix-loop-helix (bHLH) DNA-binding superfamily protein,B70,1792,Chr4,11352985,11354776
AT4G21340,basic helix-loop-helix (bHLH) DNA-binding superfamily protein,B70,1792,Chr4,11352985,11354776
AT4G21340,basic helix-loop-helix (bHLH) DNA-binding superfamily protein,B70,1792,Chr4,11352985,11354776
AT4G21340,basic helix-loop-helix (bHLH) DNA-binding superfamily protein,B70,1792,Chr4,11352985,11354776
AT4G21550,VP1/ABI3-like 3,VAL3,5576,Chr4,11463104,11468679
AT4G21550,VP1/ABI3-like 3,VAL3,5576,Chr4,11463104,11468679
AT4G21550,VP1/ABI3-like 3,VAL3,5576,Chr4,11463104,11468679
AT4G21550,VP1/ABI3-like 3,VAL3,5576,Chr4,11463104,11468679
AT4G21550,VP1/ABI3-like 3,VAL3,5576,Chr4,11463104,11468679
AT4G21550,VP1/ABI3-like 3,VAL3,5576,Chr4,11463104,11468679
AT4G25400,basic helix-loop-helix (bHLH) DNA-binding superfamily protein,,1174,Chr4,12981295,12982468
AT4G25400,basic helix-loop-helix (bHLH) DNA-binding superfamily protein,,1174,Chr4,12981295,12982468
AT4G25400,basic helix-loop-helix (bHLH) DNA-binding superfamily protein,,1174,Chr4,12981295,12982468
AT4G25400,basic helix-loop-helix (bHLH) DNA-binding superfamily protein,,1174,Chr4,12981295,12982468
AT4G25400,basic helix-loop-helix (bHLH) DNA-binding superfamily protein,,1174,Chr4,12981295,12982468
AT4G25400,basic helix-loop-helix (bHLH) DNA-binding superfamily protein,,1174,Chr4,12981295,12982468
AT4G25410,basic helix-loop-helix (bHLH) DNA-binding superfamily protein,,1463,Chr4,12985755,12987217
AT4G25410,basic helix-loop-helix (bHLH) DNA-binding superfamily protein,,1463,Chr4,12985755,12987217
AT4G25410,basic helix-loop-helix (bHLH) DNA-binding superfamily protein,,1463,Chr4,12985755,12987217
AT4G25410,basic helix-loop-helix (bHLH) DNA-binding superfamily protein,,1463,Chr4,12985755,12987217
AT4G25410,basic helix-loop-helix (bHLH) DNA-binding superfamily protein,,1463,Chr4,12985755,12987217
AT4G25410,basic helix-loop-helix (bHLH) DNA-binding superfamily protein,,1463,Chr4,12985755,12987217
AT4G28790,basic helix-loop-helix (bHLH) DNA-binding superfamily protein,,2006,Chr4,14218260,14220265
AT4G28790,basic helix-loop-helix (bHLH) DNA-binding superfamily protein,,2006,Chr4,14218260,14220265
AT4G28790,basic helix-loop-helix (bHLH) DNA-binding superfamily protein,,2006,Chr4,14218260,14220265
AT4G28790,basic helix-loop-helix (bHLH) DNA-binding superfamily protein,,2006,Chr4,14218260,14220265
AT4G28790,basic helix-loop-helix (bHLH) DNA-binding superfamily protein,,2006,Chr4,14218260,14220265
AT4G28790,basic helix-loop-helix (bHLH) DNA-binding superfamily protein,,2006,Chr4,14218260,14220265
AT4G28811,basic helix-loop-helix (bHLH) DNA-binding superfamily protein,,2864,Chr4,14225208,14228071
AT4G28811,basic helix-loop-helix (bHLH) DNA-binding superfamily protein,,2864,Chr4,14225208,14228071
AT4G28811,basic helix-loop-helix (bHLH) DNA-binding superfamily protein,,2864,Chr4,14225208,14228071
AT4G28811,basic helix-loop-helix (bHLH) DNA-binding superfamily protein,,2864,Chr4,14225208,14228071
AT4G28811,basic helix-loop-helix (bHLH) DNA-binding superfamily protein,,2864,Chr4,14225208,14228071
AT4G28811,basic helix-loop-helix (bHLH) DNA-binding superfamily protein,,2864,Chr4,14225208,14228071
AT4G28815,basic helix-loop-helix (bHLH) DNA-binding superfamily protein,,1570,Chr4,14228719,14230288
AT4G28815,basic helix-loop-helix (bHLH) DNA-binding superfamily protein,,1570,Chr4,14228719,14230288
AT4G28815,basic helix-loop-helix (bHLH) DNA-binding superfamily protein,,1570,Chr4,14228719,14230288
AT4G28815,basic helix-loop-helix (bHLH) DNA-binding superfamily protein,,1570,Chr4,14228719,14230288
AT4G28815,basic helix-loop-helix (bHLH) DNA-binding superfamily protein,,1570,Chr4,14228719,14230288
AT4G28815,basic helix-loop-helix (bHLH) DNA-binding superfamily protein,,1570,Chr4,14228719,14230288
AT4G30080,auxin response factor 16,ARF16,3136,Chr4,14703201,14706336
AT4G30080,auxin response factor 16,ARF16,3136,Chr4,14703201,14706336
AT4G30080,auxin response factor 16,ARF16,3136,Chr4,14703201,14706336
AT4G30080,auxin response factor 16,ARF16,3136,Chr4,14703201,14706336
AT4G30080,auxin response factor 16,ARF16,3136,Chr4,14703201,14706336
AT4G30080,auxin response factor 16,ARF16,3136,Chr4,14703201,14706336
AT4G30180,sequence-specific DNA binding transcription factors;transcription regulators,,713,Chr4,14768936,14769648
AT4G30180,sequence-specific DNA binding transcription factors;transcription regulators,,713,Chr4,14768936,14769648
AT4G30180,sequence-specific DNA binding transcription factors;transcription regulators,,713,Chr4,14768936,14769648
AT4G30180,sequence-specific DNA binding transcription factors;transcription regulators,,713,Chr4,14768936,14769648
AT4G30180,sequence-specific DNA binding transcription factors;transcription regulators,,713,Chr4,14768936,14769648
AT4G30180,sequence-specific DNA binding transcription factors;transcription regulators,,713,Chr4,14768936,14769648
AT4G30410,sequence-specific DNA binding transcription factors,,1068,Chr4,14871109,14872176
AT4G30410,sequence-specific DNA binding transcription factors,,1068,Chr4,14871109,14872176
AT4G30410,sequence-specific DNA binding transcription factors,,1068,Chr4,14871109,14872176
AT4G30410,sequence-specific DNA binding transcription factors,,1068,Chr4,14871109,14872176
AT4G30410,sequence-specific DNA binding transcription factors,,1068,Chr4,14871109,14872176
AT4G30410,sequence-specific DNA binding transcription factors,,1068,Chr4,14871109,14872176
AT4G32010,HSI2-like 1,HSL1,5830,Chr4,15479524,15485353
AT4G32010,HSI2-like 1,HSL1,5830,Chr4,15479524,15485353
AT4G32010,HSI2-like 1,HSL1,5830,Chr4,15479524,15485353
AT4G32010,HSI2-like 1,HSL1,5830,Chr4,15479524,15485353
AT4G32010,HSI2-like 1,HSL1,5830,Chr4,15479524,15485353
AT4G32010,HSI2-like 1,HSL1,5830,Chr4,15479524,15485353
AT4G35590,RWP-RK domain-containing protein,,1957,Chr4,16892909,16894865
AT4G35590,RWP-RK domain-containing protein,,1957,Chr4,16892909,16894865
AT4G35590,RWP-RK domain-containing protein,,1957,Chr4,16892909,16894865
AT4G35590,RWP-RK domain-containing protein,,1957,Chr4,16892909,16894865
AT4G35590,RWP-RK domain-containing protein,,1957,Chr4,16892909,16894865
AT4G35590,RWP-RK domain-containing protein,,1957,Chr4,16892909,16894865
AT4G36060,basic helix-loop-helix (bHLH) DNA-binding superfamily protein,bHLH11,1384,Chr4,17055321,17056704
AT4G36060,basic helix-loop-helix (bHLH) DNA-binding superfamily protein,bHLH11,1384,Chr4,17055321,17056704
AT4G36060,basic helix-loop-helix (bHLH) DNA-binding superfamily protein,bHLH11,1384,Chr4,17055321,17056704
AT4G36060,basic helix-loop-helix (bHLH) DNA-binding superfamily protein,bHLH11,1384,Chr4,17055321,17056704
AT4G36060,basic helix-loop-helix (bHLH) DNA-binding superfamily protein,bHLH11,1384,Chr4,17055321,17056704
AT4G36060,basic helix-loop-helix (bHLH) DNA-binding superfamily protein,bHLH11,1384,Chr4,17055321,17056704
AT5G04150,basic helix-loop-helix (bHLH) DNA-binding superfamily protein,BHLH101,918,Chr5,1138559,1139476
AT5G04150,basic helix-loop-helix (bHLH) DNA-binding superfamily protein,BHLH101,918,Chr5,1138559,1139476
AT5G04150,basic helix-loop-helix (bHLH) DNA-binding superfamily protein,BHLH101,918,Chr5,1138559,1139476
AT5G04150,basic helix-loop-helix (bHLH) DNA-binding superfamily protein,BHLH101,918,Chr5,1138559,1139476
AT5G04150,basic helix-loop-helix (bHLH) DNA-binding superfamily protein,BHLH101,918,Chr5,1138559,1139476
AT5G04150,basic helix-loop-helix (bHLH) DNA-binding superfamily protein,BHLH101,918,Chr5,1138559,1139476
AT5G09460,sequence-specific DNA binding transcription factors;transcription regulators,,3102,Chr5,2943738,2946839
AT5G09460,sequence-specific DNA binding transcription factors;transcription regulators,,3102,Chr5,2943738,2946839
AT5G09460,sequence-specific DNA binding transcription factors;transcription regulators,,3102,Chr5,2943738,2946839
AT5G09460,sequence-specific DNA binding transcription factors;transcription regulators,,3102,Chr5,2943738,2946839
AT5G09460,sequence-specific DNA binding transcription factors;transcription regulators,,3102,Chr5,2943738,2946839
AT5G09460,sequence-specific DNA binding transcription factors;transcription regulators,,3102,Chr5,2943738,2946839
AT5G15160,BANQUO 2,BNQ2,1383,Chr5,4921266,4922648
AT5G15160,BANQUO 2,BNQ2,1383,Chr5,4921266,4922648
AT5G15160,BANQUO 2,BNQ2,1383,Chr5,4921266,4922648
AT5G15160,BANQUO 2,BNQ2,1383,Chr5,4921266,4922648
AT5G15160,BANQUO 2,BNQ2,1383,Chr5,4921266,4922648
AT5G15160,BANQUO 2,BNQ2,1383,Chr5,4921266,4922648
AT5G38860,BES1-interacting Myc-like protein 3,BIM3,2171,Chr5,15558956,15561126
AT5G38860,BES1-interacting Myc-like protein 3,BIM3,2171,Chr5,15558956,15561126
AT5G38860,BES1-interacting Myc-like protein 3,BIM3,2171,Chr5,15558956,15561126
AT5G38860,BES1-interacting Myc-like protein 3,BIM3,2171,Chr5,15558956,15561126
AT5G38860,BES1-interacting Myc-like protein 3,BIM3,2171,Chr5,15558956,15561126
AT5G38860,BES1-interacting Myc-like protein 3,BIM3,2171,Chr5,15558956,15561126
AT5G39860,basic helix-loop-helix (bHLH) DNA-binding family protein,PRE1,1039,Chr5,15957417,15958455
AT5G39860,basic helix-loop-helix (bHLH) DNA-binding family protein,PRE1,1039,Chr5,15957417,15958455
AT5G39860,basic helix-loop-helix (bHLH) DNA-binding family protein,PRE1,1039,Chr5,15957417,15958455
AT5G39860,basic helix-loop-helix (bHLH) DNA-binding family protein,PRE1,1039,Chr5,15957417,15958455
AT5G39860,basic helix-loop-helix (bHLH) DNA-binding family protein,PRE1,1039,Chr5,15957417,15958455
AT5G39860,basic helix-loop-helix (bHLH) DNA-binding family protein,PRE1,1039,Chr5,15957417,15958455
AT5G41315,basic helix-loop-helix (bHLH) DNA-binding superfamily protein,GL3,3425,Chr5,16529455,16532879
AT5G41315,basic helix-loop-helix (bHLH) DNA-binding superfamily protein,GL3,3425,Chr5,16529455,16532879
AT5G41315,basic helix-loop-helix (bHLH) DNA-binding superfamily protein,GL3,3425,Chr5,16529455,16532879
AT5G41315,basic helix-loop-helix (bHLH) DNA-binding superfamily protein,GL3,3425,Chr5,16529455,16532879
AT5G41315,basic helix-loop-helix (bHLH) DNA-binding superfamily protein,GL3,3425,Chr5,16529455,16532879
AT5G41315,basic helix-loop-helix (bHLH) DNA-binding superfamily protein,GL3,3425,Chr5,16529455,16532879
AT5G43175,basic helix-loop-helix (bHLH) DNA-binding superfamily protein,,1114,Chr5,17334121,17335234
AT5G43175,basic helix-loop-helix (bHLH) DNA-binding superfamily protein,,1114,Chr5,17334121,17335234
AT5G43175,basic helix-loop-helix (bHLH) DNA-binding superfamily protein,,1114,Chr5,17334121,17335234
AT5G43175,basic helix-loop-helix (bHLH) DNA-binding superfamily protein,,1114,Chr5,17334121,17335234
AT5G43175,basic helix-loop-helix (bHLH) DNA-binding superfamily protein,,1114,Chr5,17334121,17335234
AT5G43175,basic helix-loop-helix (bHLH) DNA-binding superfamily protein,,1114,Chr5,17334121,17335234
AT5G50010,sequence-specific DNA binding transcription factors;transcription regulators,,2216,Chr5,20348615,20350830
AT5G50010,sequence-specific DNA binding transcription factors;transcription regulators,,2216,Chr5,20348615,20350830
AT5G50010,sequence-specific DNA binding transcription factors;transcription regulators,,2216,Chr5,20348615,20350830
AT5G50010,sequence-specific DNA binding transcription factors;transcription regulators,,2216,Chr5,20348615,20350830
AT5G50010,sequence-specific DNA binding transcription factors;transcription regulators,,2216,Chr5,20348615,20350830
AT5G50010,sequence-specific DNA binding transcription factors;transcription regulators,,2216,Chr5,20348615,20350830
AT5G50915,basic helix-loop-helix (bHLH) DNA-binding superfamily protein,,2107,Chr5,20710209,20712315
AT5G50915,basic helix-loop-helix (bHLH) DNA-binding superfamily protein,,2107,Chr5,20710209,20712315
AT5G50915,basic helix-loop-helix (bHLH) DNA-binding superfamily protein,,2107,Chr5,20710209,20712315
AT5G50915,basic helix-loop-helix (bHLH) DNA-binding superfamily protein,,2107,Chr5,20710209,20712315
AT5G50915,basic helix-loop-helix (bHLH) DNA-binding superfamily protein,,2107,Chr5,20710209,20712315
AT5G50915,basic helix-loop-helix (bHLH) DNA-binding superfamily protein,,2107,Chr5,20710209,20712315
AT5G51790,basic helix-loop-helix (bHLH) DNA-binding superfamily protein,,833,Chr5,21039762,21040594
AT5G51790,basic helix-loop-helix (bHLH) DNA-binding superfamily protein,,833,Chr5,21039762,21040594
AT5G51790,basic helix-loop-helix (bHLH) DNA-binding superfamily protein,,833,Chr5,21039762,21040594
AT5G51790,basic helix-loop-helix (bHLH) DNA-binding superfamily protein,,833,Chr5,21039762,21040594
AT5G51790,basic helix-loop-helix (bHLH) DNA-binding superfamily protein,,833,Chr5,21039762,21040594
AT5G51790,basic helix-loop-helix (bHLH) DNA-binding superfamily protein,,833,Chr5,21039762,21040594
AT5G53040,RWP-RK domain-containing protein,,982,Chr5,21506967,21507948
AT5G53040,RWP-RK domain-containing protein,,982,Chr5,21506967,21507948
AT5G53040,RWP-RK domain-containing protein,,982,Chr5,21506967,21507948
AT5G53040,RWP-RK domain-containing protein,,982,Chr5,21506967,21507948
AT5G53040,RWP-RK domain-containing protein,,982,Chr5,21506967,21507948
AT5G53040,RWP-RK domain-containing protein,,982,Chr5,21506967,21507948
AT5G54680,basic helix-loop-helix (bHLH) DNA-binding superfamily protein,ILR3,2220,Chr5,22217055,22219274
AT5G54680,basic helix-loop-helix (bHLH) DNA-binding superfamily protein,ILR3,2220,Chr5,22217055,22219274
AT5G54680,basic helix-loop-helix (bHLH) DNA-binding superfamily protein,ILR3,2220,Chr5,22217055,22219274
AT5G54680,basic helix-loop-helix (bHLH) DNA-binding superfamily protein,ILR3,2220,Chr5,22217055,22219274
AT5G54680,basic helix-loop-helix (bHLH) DNA-binding superfamily protein,ILR3,2220,Chr5,22217055,22219274
AT5G54680,basic helix-loop-helix (bHLH) DNA-binding superfamily protein,ILR3,2220,Chr5,22217055,22219274
AT5G64340,sequence-specific DNA binding transcription factors;transcription regulators,SAC51,2979,Chr5,25730335,25733313
AT5G64340,sequence-specific DNA binding transcription factors;transcription regulators,SAC51,2979,Chr5,25730335,25733313
AT5G64340,sequence-specific DNA binding transcription factors;transcription regulators,SAC51,2979,Chr5,25730335,25733313
AT5G64340,sequence-specific DNA binding transcription factors;transcription regulators,SAC51,2979,Chr5,25730335,25733313
AT5G64340,sequence-specific DNA binding transcription factors;transcription regulators,SAC51,2979,Chr5,25730335,25733313
AT5G64340,sequence-specific DNA binding transcription factors;transcription regulators,SAC51,2979,Chr5,25730335,25733313
AT5G66990,RWP-RK domain-containing protein,,1106,Chr5,26744257,26745362
AT5G66990,RWP-RK domain-containing protein,,1106,Chr5,26744257,26745362
AT5G66990,RWP-RK domain-containing protein,,1106,Chr5,26744257,26745362
AT5G66990,RWP-RK domain-containing protein,,1106,Chr5,26744257,26745362
AT5G66990,RWP-RK domain-containing protein,,1106,Chr5,26744257,26745362
AT5G66990,RWP-RK domain-containing protein,,1106,Chr5,26744257,26745362
