Pokedex number,Name,percentage male,type1,type2,weight_kg,height_m,generation,classfication,defense,hp,attack,special attack,special defense,speed,Is legendary
1,Bulbasaur,88.1,grass,poison,6.9,0.7,1,Seed,49,45,49,65,65,45,0
2,Ivysaur,88.1,grass,poison,13,1,1,Seed,63,60,62,80,80,60,0
3,Venusaur,88.1,grass,poison,100,2,1,Seed,123,80,100,122,120,80,0
4,Charmander,88.1,fire,,8.5,0.6,1,Lizard,43,39,52,60,50,65,0
5,Charmeleon,88.1,fire,,19,1.1,1,Flame,58,58,64,80,65,80,0
6,Charizard,88.1,fire,flying,90.5,1.7,1,Flame,78,78,104,159,115,100,0
7,Squirtle,88.1,water,,9,0.5,1,Tiny Turtle,65,44,48,50,64,43,0
8,Wartortle,88.1,water,,22.5,1,1,Turtle,80,59,63,65,80,58,0
9,Blastoise,88.1,water,,85.5,1.6,1,Shellfish,120,79,103,135,115,78,0
10,Caterpie,50,bug,,2.9,0.3,1,Worm,35,45,30,20,20,45,0
11,Metapod,50,bug,,9.9,0.7,1,Cocoon,55,50,20,25,25,30,0
12,Butterfree,50,bug,flying,32,1.1,1,Butterfly,50,60,45,90,80,70,0
13,Weedle,50,bug,poison,3.2,0.3,1,Hairy,30,40,35,20,20,50,0
14,Kakuna,50,bug,poison,10,0.6,1,Cocoon,50,45,25,25,25,35,0
15,Beedrill,50,bug,poison,29.5,1,1,Poison Bee,40,65,150,15,80,145,0
16,Pidgey,50,normal,flying,1.8,0.3,1,Tiny Bird,40,40,45,35,35,56,0
17,Pidgeotto,50,normal,flying,30,1.1,1,Bird,55,63,60,50,50,71,0
18,Pidgeot,50,normal,flying,39.5,1.5,1,Bird,80,83,80,135,80,121,0
19,Rattata,50,normal,dark,,,1,Mouse,35,30,56,25,35,72,0
20,Raticate,50,normal,dark,,,1,Mouse,70,75,71,40,80,77,0
21,Spearow,50,normal,flying,2,0.3,1,Tiny Bird,30,40,60,31,31,70,0
22,Fearow,50,normal,flying,38,1.2,1,Beak,65,65,90,61,61,100,0
23,Ekans,50,poison,,6.9,2,1,Snake,44,35,60,40,54,55,0
24,Arbok,50,poison,,65,3.5,1,Cobra,69,60,95,65,79,80,0
25,Pikachu,50,electric,,6,0.4,1,Mouse,40,35,55,50,50,90,0
26,Raichu,50,electric,electric,,,1,Mouse,50,60,85,95,85,110,0
27,Sandshrew,50,ground,ice,,,1,Mouse,90,50,75,10,35,40,0
28,Sandslash,50,ground,ice,,,1,Mouse,120,75,100,25,65,65,0
29,Nidoran♀,0,poison,,7,0.4,1,Poison Pin,52,55,47,40,40,41,0
30,Nidorina,0,poison,,20,0.8,1,Poison Pin,67,70,62,55,55,56,0
31,Nidoqueen,0,poison,ground,60,1.3,1,Drill,87,90,92,75,85,76,0
32,Nidoran♂,100,poison,,9,0.5,1,Poison Pin,40,46,57,40,40,50,0
33,Nidorino,100,poison,,19.5,0.9,1,Poison Pin,57,61,72,55,55,65,0
34,Nidoking,100,poison,ground,62,1.4,1,Drill,77,81,102,85,75,85,0
35,Clefairy,24.6,fairy,,7.5,0.6,1,Fairy,48,70,45,60,65,35,0
36,Clefable,24.6,fairy,,40,1.3,1,Fairy,73,95,70,95,90,60,0
37,Vulpix,24.6,fire,ice,,,1,Fox,40,38,41,50,65,65,0
38,Ninetales,24.6,fire,ice,,,1,Fox,75,73,67,81,100,109,0
39,Jigglypuff,24.6,normal,fairy,5.5,0.5,1,Balloon,20,115,45,45,25,20,0
40,Wigglytuff,24.6,normal,fairy,12,1,1,Balloon,45,140,70,85,50,45,0
41,Zubat,50,poison,flying,7.5,0.8,1,Bat,35,40,45,30,40,55,0
42,Golbat,50,poison,flying,55,1.6,1,Bat,70,75,80,65,75,90,0
43,Oddish,50,grass,poison,5.4,0.5,1,Weed,55,45,50,75,65,30,0
44,Gloom,50,grass,poison,8.6,0.8,1,Weed,70,60,65,85,75,40,0
45,Vileplume,50,grass,poison,18.6,1.2,1,Flower,85,75,80,110,90,50,0
46,Paras,50,bug,grass,5.4,0.3,1,Mushroom,55,35,70,45,55,25,0
47,Parasect,50,bug,grass,29.5,1,1,Mushroom,80,60,95,60,80,30,0
48,Venonat,50,bug,poison,30,1,1,Insect,50,60,55,40,55,45,0
49,Venomoth,50,bug,poison,12.5,1.5,1,Poison Moth,60,70,65,90,75,90,0
50,Diglett,50,ground,ground,,,1,Mole,30,10,55,35,45,90,0
51,Dugtrio,50,ground,ground,,,1,Mole,60,35,100,50,70,110,0
52,Meowth,50,normal,dark,,,1,Scratch Cat,35,40,35,50,40,90,0
53,Persian,50,normal,dark,,,1,Classy Cat,60,65,60,75,65,115,0
54,Psyduck,50,water,,19.6,0.8,1,Duck,48,50,52,65,50,55,0
55,Golduck,50,water,,76.6,1.7,1,Duck,78,80,82,95,80,85,0
56,Mankey,50,fighting,,28,0.5,1,Pig Monkey,35,40,80,35,45,70,0
57,Primeape,50,fighting,,32,1,1,Pig Monkey,60,65,105,60,70,95,0
58,Growlithe,75.4,fire,,19,0.7,1,Puppy,45,55,70,70,50,60,0
59,Arcanine,75.4,fire,,155,1.9,1,Legendary,80,90,110,100,80,95,0
60,Poliwag,50,water,,12.4,0.6,1,Tadpole,40,40,50,40,40,90,0
61,Poliwhirl,50,water,,20,1,1,Tadpole,65,65,65,50,50,90,0
62,Poliwrath,50,water,fighting,54,1.3,1,Tadpole,95,90,95,70,90,70,0
63,Abra,75.4,psychic,,19.5,0.9,1,Psi,15,25,20,105,55,90,0
64,Kadabra,75.4,psychic,,56.5,1.3,1,Psi,30,40,35,120,70,105,0
65,Alakazam,75.4,psychic,,48,1.5,1,Psi,65,55,50,175,105,150,0
66,Machop,75.4,fighting,,19.5,0.8,1,Superpower,50,70,80,35,35,35,0
67,Machoke,75.4,fighting,,70.5,1.5,1,Superpower,70,80,100,50,60,45,0
68,Machamp,75.4,fighting,,130,1.6,1,Superpower,80,90,130,65,85,55,0
69,Bellsprout,50,grass,poison,4,0.7,1,Flower,35,50,75,70,30,40,0
70,Weepinbell,50,grass,poison,6.4,1,1,Flycatcher,50,65,90,85,45,55,0
71,Victreebel,50,grass,poison,15.5,1.7,1,Flycatcher,65,80,105,100,70,70,0
72,Tentacool,50,water,poison,45.5,0.9,1,Jellyfish,35,40,40,50,100,70,0
73,Tentacruel,50,water,poison,55,1.6,1,Jellyfish,65,80,70,80,120,100,0
74,Geodude,50,rock,ground,,,1,Rock,100,40,80,30,30,20,0
75,Graveler,50,rock,ground,,,1,Rock,115,55,95,45,45,35,0
76,Golem,50,rock,ground,,,1,Megaton,130,80,120,55,65,45,0
77,Ponyta,50,fire,,30,1,1,Fire Horse,55,50,85,65,65,90,0
78,Rapidash,50,fire,,95,1.7,1,Fire Horse,70,65,100,80,80,105,0
79,Slowpoke,50,water,psychic,36,1.2,1,Dopey,65,90,65,40,40,15,0
80,Slowbro,50,water,psychic,78.5,1.6,1,Hermit Crab,180,95,75,130,80,30,0
81,Magnemite,,electric,steel,6,0.3,1,Magnet,70,25,35,95,55,45,0
82,Magneton,,electric,steel,60,1,1,Magnet,95,50,60,120,70,70,0
83,Farfetch'd,50,normal,flying,15,0.8,1,Wild Duck,55,52,90,58,62,60,0
84,Doduo,50,normal,flying,39.2,1.4,1,Twin Bird,45,35,85,35,35,75,0
85,Dodrio,50,normal,flying,85.2,1.8,1,Triple Bird,70,60,110,60,60,110,0
86,Seel,50,water,,90,1.1,1,Sea Lion,55,65,45,45,70,45,0
87,Dewgong,50,water,ice,120,1.7,1,Sea Lion,80,90,70,70,95,70,0
88,Grimer,50,poison,poison,,,1,Sludge,50,80,80,40,50,25,0
89,Muk,50,poison,poison,,,1,Sludge,75,105,105,65,100,50,0
90,Shellder,50,water,,4,0.3,1,Bivalve,100,30,65,45,25,40,0
91,Cloyster,50,water,ice,132.5,1.5,1,Bivalve,180,50,95,85,45,70,0
92,Gastly,50,ghost,poison,0.1,1.3,1,Gas,30,30,35,100,35,80,0
93,Haunter,50,ghost,poison,0.1,1.6,1,Gas,45,45,50,115,55,95,0
94,Gengar,50,ghost,poison,40.5,1.5,1,Shadow,80,60,65,170,95,130,0
95,Onix,50,rock,ground,210,8.8,1,Rock Snake,160,35,45,30,45,70,0
96,Drowzee,50,psychic,,32.4,1,1,Hypnosis,45,60,48,43,90,42,0
97,Hypno,50,psychic,,75.6,1.6,1,Hypnosis,70,85,73,73,115,67,0
98,Krabby,50,water,,6.5,0.4,1,River Crab,90,30,105,25,25,50,0
99,Kingler,50,water,,60,1.3,1,Pincer,115,55,130,50,50,75,0
100,Voltorb,,electric,,10.4,0.5,1,Ball,50,40,30,55,55,100,0
101,Electrode,,electric,,66.6,1.2,1,Ball,70,60,50,80,80,150,0
102,Exeggcute,50,grass,psychic,2.5,0.4,1,Egg,80,60,40,60,45,40,0
103,Exeggutor,50,grass,psychic,,,1,Coconut,85,95,105,125,75,45,0
104,Cubone,50,ground,,6.5,0.4,1,Lonely,95,50,50,40,50,35,0
105,Marowak,50,ground,fire,,,1,Bone Keeper,110,60,80,50,80,45,0
106,Hitmonlee,100,fighting,,49.8,1.5,1,Kicking,53,50,120,35,110,87,0
107,Hitmonchan,100,fighting,,50.2,1.4,1,Punching,79,50,105,35,110,76,0
108,Lickitung,50,normal,,65.5,1.2,1,Licking,75,90,55,60,75,30,0
109,Koffing,50,poison,,1,0.6,1,Poison Gas,95,40,65,60,45,35,0
110,Weezing,50,poison,,9.5,1.2,1,Poison Gas,120,65,90,85,70,60,0
111,Rhyhorn,50,ground,rock,115,1,1,Spikes,95,80,85,30,30,25,0
112,Rhydon,50,ground,rock,120,1.9,1,Drill,120,105,130,45,45,40,0
113,Chansey,0,normal,,34.6,1.1,1,Egg,5,250,5,35,105,50,0
114,Tangela,50,grass,,35,1,1,Vine,115,65,55,100,40,60,0
115,Kangaskhan,0,normal,,80,2.2,1,Parent,100,105,125,60,100,100,0
116,Horsea,50,water,,8,0.4,1,Dragon,70,30,40,70,25,60,0
117,Seadra,50,water,,25,1.2,1,Dragon,95,55,65,95,45,85,0
118,Goldeen,50,water,,15,0.6,1,Goldfish,60,45,67,35,50,63,0
119,Seaking,50,water,,39,1.3,1,Goldfish,65,80,92,65,80,68,0
120,Staryu,,water,,34.5,0.8,1,Starshape,55,30,45,70,55,85,0
121,Starmie,,water,psychic,80,1.1,1,Mysterious,85,60,75,100,85,115,0
122,Mr. Mime,50,psychic,fairy,54.5,1.3,1,Barrier,65,40,45,100,120,90,0
123,Scyther,50,bug,flying,56,1.5,1,Mantis,80,70,110,55,80,105,0
124,Jynx,0,ice,psychic,40.6,1.4,1,Humanshape,35,65,50,115,95,95,0
125,Electabuzz,75.4,electric,,30,1.1,1,Electric,57,65,83,95,85,105,0
126,Magmar,75.4,fire,,44.5,1.3,1,Spitfire,57,65,95,100,85,93,0
127,Pinsir,50,bug,,55,1.5,1,Stagbeetle,120,65,155,65,90,105,0
128,Tauros,100,normal,,88.4,1.4,1,Wild Bull,95,75,100,40,70,110,0
129,Magikarp,50,water,,10,0.9,1,Fish,55,20,10,15,20,80,0
130,Gyarados,50,water,flying,235,6.5,1,Atrocious,109,95,155,70,130,81,0
131,Lapras,50,water,ice,220,2.5,1,Transport,80,130,85,85,95,60,0
132,Ditto,,normal,,4,0.3,1,Transform,48,48,48,48,48,48,0
133,Eevee,88.1,normal,,6.5,0.3,1,Evolution,50,55,55,45,65,55,0
134,Vaporeon,88.1,water,,29,1,1,Bubble Jet,60,130,65,110,95,65,0
135,Jolteon,88.1,electric,,24.5,0.8,1,Lightning,60,65,65,110,95,130,0
136,Flareon,88.1,fire,,25,0.9,1,Flame,60,65,130,95,110,65,0
137,Porygon,,normal,,36.5,0.8,1,Virtual,70,65,60,85,75,40,0
138,Omanyte,88.1,rock,water,7.5,0.4,1,Spiral,100,35,40,90,55,35,0
139,Omastar,88.1,rock,water,35,1,1,Spiral,125,70,60,115,70,55,0
140,Kabuto,88.1,rock,water,11.5,0.5,1,Shellfish,90,30,80,55,45,55,0
141,Kabutops,88.1,rock,water,40.5,1.3,1,Shellfish,105,60,115,65,70,80,0
142,Aerodactyl,88.1,rock,flying,59,1.8,1,Fossil,85,80,135,70,95,150,0
143,Snorlax,88.1,normal,,460,2.1,1,Sleeping,65,160,110,65,110,30,0
144,Articuno,,ice,flying,55.4,1.7,1,Freeze,100,90,85,95,125,85,1
145,Zapdos,,electric,flying,52.6,1.6,1,Electric,85,90,90,125,90,100,1
146,Moltres,,fire,flying,60,2,1,Flame,90,90,100,125,85,90,1
147,Dratini,50,dragon,,3.3,1.8,1,Dragon,45,41,64,50,50,50,0
148,Dragonair,50,dragon,,16.5,4,1,Dragon,65,61,84,70,70,70,0
149,Dragonite,50,dragon,flying,210,2.2,1,Dragon,95,91,134,100,100,80,0
150,Mewtwo,,psychic,,122,2,1,Genetic,70,106,150,194,120,140,1
151,Mew,,psychic,,4,0.4,1,New Species,100,100,100,100,100,100,1
152,Chikorita,88.1,grass,,6.4,0.9,2,Leaf,65,45,49,49,65,45,0
153,Bayleef,88.1,grass,,15.8,1.2,2,Leaf,80,60,62,63,80,60,0
154,Meganium,88.1,grass,,100.5,1.8,2,Herb,100,80,82,83,100,80,0
155,Cyndaquil,88.1,fire,,7.9,0.5,2,Fire Mouse,43,39,52,60,50,65,0
156,Quilava,88.1,fire,,19,0.9,2,Volcano,58,58,64,80,65,80,0
157,Typhlosion,88.1,fire,,79.5,1.7,2,Volcano,78,78,84,109,85,100,0
158,Totodile,88.1,water,,9.5,0.6,2,Big Jaw,64,50,65,44,48,43,0
159,Croconaw,88.1,water,,25,1.1,2,Big Jaw,80,65,80,59,63,58,0
160,Feraligatr,88.1,water,,88.8,2.3,2,Big Jaw,100,85,105,79,83,78,0
161,Sentret,50,normal,,6,0.8,2,Scout,34,35,46,35,45,20,0
162,Furret,50,normal,,32.5,1.8,2,Long Body,64,85,76,45,55,90,0
163,Hoothoot,50,normal,flying,21.2,0.7,2,Owl,30,60,30,36,56,50,0
164,Noctowl,50,normal,flying,40.8,1.6,2,Owl,50,100,50,86,96,70,0
165,Ledyba,50,bug,flying,10.8,1,2,Five Star,30,40,20,40,80,55,0
166,Ledian,50,bug,flying,35.6,1.4,2,Five Star,50,55,35,55,110,85,0
167,Spinarak,50,bug,poison,8.5,0.5,2,String Spit,40,40,60,40,40,30,0
168,Ariados,50,bug,poison,33.5,1.1,2,Long Leg,70,70,90,60,70,40,0
169,Crobat,50,poison,flying,75,1.8,2,Bat,80,85,90,70,80,130,0
170,Chinchou,50,water,electric,12,0.5,2,Angler,38,75,38,56,56,67,0
171,Lanturn,50,water,electric,22.5,1.2,2,Light,58,125,58,76,76,67,0
172,Pichu,50,electric,,2,0.3,2,Tiny Mouse,15,20,40,35,35,60,0
173,Cleffa,24.6,fairy,,3,0.3,2,Star Shape,28,50,25,45,55,15,0
174,Igglybuff,24.6,normal,fairy,1,0.3,2,Balloon,15,90,30,40,20,15,0
175,Togepi,88.1,fairy,,1.5,0.3,2,Spike Ball,65,35,20,40,65,20,0
176,Togetic,88.1,fairy,flying,3.2,0.6,2,Happiness,85,55,40,80,105,40,0
177,Natu,50,psychic,flying,2,0.2,2,Little Bird,45,40,50,70,45,70,0
178,Xatu,50,psychic,flying,15,1.5,2,Mystic,70,65,75,95,70,95,0
179,Mareep,50,electric,,7.8,0.6,2,Wool,40,55,40,65,45,35,0
180,Flaaffy,50,electric,,13.3,0.8,2,Wool,55,70,55,80,60,45,0
181,Ampharos,50,electric,,61.5,1.4,2,Light,105,90,95,165,110,45,0
182,Bellossom,50,grass,,5.8,0.4,2,Flower,95,75,80,90,100,50,0
183,Marill,50,water,fairy,8.5,0.4,2,Aquamouse,50,70,20,20,50,40,0
184,Azumarill,50,water,fairy,28.5,0.8,2,Aquarabbit,80,100,50,60,80,50,0
185,Sudowoodo,50,rock,,38,1.2,2,Imitation,115,70,100,30,65,30,0
186,Politoed,50,water,,33.9,1.1,2,Frog,75,90,75,90,100,70,0
187,Hoppip,50,grass,flying,0.5,0.4,2,Cottonweed,40,35,35,35,55,50,0
188,Skiploom,50,grass,flying,1,0.6,2,Cottonweed,50,55,45,45,65,80,0
189,Jumpluff,50,grass,flying,3,0.8,2,Cottonweed,70,75,55,55,95,110,0
190,Aipom,50,normal,,11.5,0.8,2,Long Tail,55,55,70,40,55,85,0
191,Sunkern,50,grass,,1.8,0.3,2,Seed,30,30,30,30,30,30,0
192,Sunflora,50,grass,,8.5,0.8,2,Sun,55,75,75,105,85,30,0
193,Yanma,50,bug,flying,38,1.2,2,Clear Wing,45,65,65,75,45,95,0
194,Wooper,50,water,ground,8.5,0.4,2,Water Fish,45,55,45,25,25,15,0
195,Quagsire,50,water,ground,75,1.4,2,Water Fish,85,95,85,65,65,35,0
196,Espeon,88.1,psychic,,26.5,0.9,2,Sun,60,65,65,130,95,110,0
197,Umbreon,88.1,dark,,27,1,2,Moonlight,110,95,65,60,130,65,0
198,Murkrow,50,dark,flying,2.1,0.5,2,Darkness,42,60,85,85,42,91,0
199,Slowking,50,water,psychic,79.5,2,2,Royal,80,95,75,100,110,30,0
200,Misdreavus,50,ghost,,1,0.7,2,Screech,60,60,60,85,85,85,0
201,Unown,,psychic,,5,0.5,2,Symbol,48,48,72,72,48,48,0
202,Wobbuffet,50,psychic,,28.5,1.3,2,Patient,58,190,33,33,58,33,0
203,Girafarig,50,normal,psychic,41.5,1.5,2,Long Neck,65,70,80,90,65,85,0
204,Pineco,50,bug,,7.2,0.6,2,Bagworm,90,50,65,35,35,15,0
205,Forretress,50,bug,steel,125.8,1.2,2,Bagworm,140,75,90,60,60,40,0
206,Dunsparce,50,normal,,14,1.5,2,Land Snake,70,100,70,65,65,45,0
207,Gligar,50,ground,flying,64.8,1.1,2,Flyscorpion,105,65,75,35,65,85,0
208,Steelix,50,steel,ground,400,9.2,2,Iron Snake,230,75,125,55,95,30,0
209,Snubbull,24.6,fairy,,7.8,0.6,2,Fairy,50,60,80,40,40,30,0
210,Granbull,24.6,fairy,,48.7,1.4,2,Fairy,75,90,120,60,60,45,0
211,Qwilfish,50,water,poison,3.9,0.5,2,Balloon,85,65,95,55,55,85,0
212,Scizor,50,bug,steel,118,1.8,2,Pincer,140,70,150,65,100,75,0
213,Shuckle,50,bug,rock,20.5,0.6,2,Mold,230,20,10,10,230,5,0
214,Heracross,50,bug,fighting,54,1.5,2,Singlehorn,115,80,185,40,105,75,0
215,Sneasel,50,dark,ice,28,0.9,2,Sharp Claw,55,55,95,35,75,115,0
216,Teddiursa,50,normal,,8.8,0.6,2,Little Bear,50,60,80,50,50,40,0
217,Ursaring,50,normal,,125.8,1.8,2,Hibernator,75,90,130,75,75,55,0
218,Slugma,50,fire,,35,0.7,2,Lava,40,40,40,70,40,20,0
219,Magcargo,50,fire,rock,55,0.8,2,Lava,120,60,50,90,80,30,0
220,Swinub,50,ice,ground,6.5,0.4,2,Pig,40,50,50,30,30,50,0
221,Piloswine,50,ice,ground,55.8,1.1,2,Swine,80,100,100,60,60,50,0
222,Corsola,24.6,water,rock,5,0.6,2,Coral,95,65,55,65,95,35,0
223,Remoraid,50,water,,12,0.6,2,Jet,35,35,65,65,35,65,0
224,Octillery,50,water,,28.5,0.9,2,Jet,75,75,105,105,75,45,0
225,Delibird,50,ice,flying,16,0.9,2,Delivery,45,45,55,65,45,75,0
226,Mantine,50,water,flying,220,2.1,2,Kite,70,85,40,80,140,70,0
227,Skarmory,50,steel,flying,50.5,1.7,2,Armor Bird,140,65,80,40,70,70,0
228,Houndour,50,dark,fire,10.8,0.6,2,Dark,30,45,60,80,50,65,0
229,Houndoom,50,dark,fire,35,1.4,2,Dark,90,75,90,140,90,115,0
230,Kingdra,50,water,dragon,152,1.8,2,Dragon,95,75,95,95,95,85,0
231,Phanpy,50,ground,,33.5,0.5,2,Long Nose,60,90,60,40,40,40,0
232,Donphan,50,ground,,120,1.1,2,Armor,120,90,120,60,60,50,0
233,Porygon2,,normal,,32.5,0.6,2,Virtual,90,85,80,105,95,60,0
234,Stantler,50,normal,,71.2,1.4,2,Big Horn,62,73,95,85,65,85,0
235,Smeargle,50,normal,,58,1.2,2,Painter,35,55,20,20,45,75,0
236,Tyrogue,100,fighting,,21,0.7,2,Scuffle,35,35,35,35,35,35,0
237,Hitmontop,100,fighting,,48,1.4,2,Handstand,95,50,95,35,110,70,0
238,Smoochum,0,ice,psychic,6,0.4,2,Kiss,15,45,30,85,65,65,0
239,Elekid,75.4,electric,,23.5,0.6,2,Electric,37,45,63,65,55,95,0
240,Magby,75.4,fire,,21.4,0.7,2,Live Coal,37,45,75,70,55,83,0
241,Miltank,0,normal,,75.5,1.2,2,Milk Cow,105,95,80,40,70,100,0
242,Blissey,0,normal,,46.8,1.5,2,Happiness,10,255,10,75,135,55,0
243,Raikou,,electric,,178,1.9,2,Thunder,75,90,85,115,100,115,1
244,Entei,,fire,,198,2.1,2,Volcano,85,115,115,90,75,100,1
245,Suicune,,water,,187,2,2,Aurora,115,100,75,90,115,85,1
246,Larvitar,50,rock,ground,72,0.6,2,Rock Skin,50,50,64,45,50,41,0
247,Pupitar,50,rock,ground,152,1.2,2,Hard Shell,70,70,84,65,70,51,0
248,Tyranitar,50,rock,dark,202,2,2,Armor,150,100,164,95,120,71,0
249,Lugia,,psychic,flying,216,5.2,2,Diving,130,106,90,90,154,110,1
250,Ho-Oh,,fire,flying,199,3.8,2,Rainbow,90,106,130,110,154,90,1
251,Celebi,,psychic,grass,5,0.6,2,Time Travel,100,100,100,100,100,100,1
252,Treecko,88.1,grass,,5,0.5,3,Wood Gecko,35,40,45,65,55,70,0
253,Grovyle,88.1,grass,,21.6,0.9,3,Wood Gecko,45,50,65,85,65,95,0
254,Sceptile,88.1,grass,,52.2,1.7,3,Forest,75,70,110,145,85,145,0
255,Torchic,88.1,fire,,2.5,0.4,3,Chick,40,45,60,70,50,45,0
256,Combusken,88.1,fire,fighting,19.5,0.9,3,Young Fowl,60,60,85,85,60,55,0
257,Blaziken,88.1,fire,fighting,52,1.9,3,Blaze,80,80,160,130,80,100,0
258,Mudkip,88.1,water,,7.6,0.4,3,Mud Fish,50,50,70,50,50,40,0
259,Marshtomp,88.1,water,ground,28,0.7,3,Mud Fish,70,70,85,60,70,50,0
260,Swampert,88.1,water,ground,81.9,1.5,3,Mud Fish,110,100,150,95,110,70,0
261,Poochyena,50,dark,,13.6,0.5,3,Bite,35,35,55,30,30,35,0
262,Mightyena,50,dark,,37,1,3,Bite,70,70,90,60,60,70,0
263,Zigzagoon,50,normal,,17.5,0.4,3,Tiny Racoon,41,38,30,30,41,60,0
264,Linoone,50,normal,,32.5,0.5,3,Rush,61,78,70,50,61,100,0
265,Wurmple,50,bug,,3.6,0.3,3,Worm,35,45,45,20,30,20,0
266,Silcoon,50,bug,,10,0.6,3,Cocoon,55,50,35,25,25,15,0
267,Beautifly,50,bug,flying,28.4,1,3,Butterfly,50,60,70,100,50,65,0
268,Cascoon,50,bug,,11.5,0.7,3,Cocoon,55,50,35,25,25,15,0
269,Dustox,50,bug,poison,31.6,1.2,3,Poison Moth,70,60,50,50,90,65,0
270,Lotad,50,water,grass,2.6,0.5,3,Water Weed,30,40,30,40,50,30,0
271,Lombre,50,water,grass,32.5,1.2,3,Jolly,50,60,50,60,70,50,0
272,Ludicolo,50,water,grass,55,1.5,3,Carefree,70,80,70,90,100,70,0
273,Seedot,50,grass,,4,0.5,3,Acorn,50,40,40,30,30,30,0
274,Nuzleaf,50,grass,dark,28,1,3,Wily,40,70,70,60,40,60,0
275,Shiftry,50,grass,dark,59.6,1.3,3,Wickid,60,90,100,90,60,80,0
276,Taillow,50,normal,flying,2.3,0.3,3,TinySwallow,30,40,55,30,30,85,0
277,Swellow,50,normal,flying,19.8,0.7,3,Swallow,60,60,85,75,50,125,0
278,Wingull,50,water,flying,9.5,0.6,3,Seagull,30,40,30,55,30,85,0
279,Pelipper,50,water,flying,28,1.2,3,Water Bird,100,60,50,95,70,65,0
280,Ralts,50,psychic,fairy,6.6,0.4,3,Feeling,25,28,25,45,35,40,0
281,Kirlia,50,psychic,fairy,20.2,0.8,3,Emotion,35,38,35,65,55,50,0
282,Gardevoir,50,psychic,fairy,48.4,1.6,3,Embrace,65,68,85,165,135,100,0
283,Surskit,50,bug,water,1.7,0.5,3,Pond Skater,32,40,30,50,52,65,0
284,Masquerain,50,bug,flying,3.6,0.8,3,Eyeball,62,70,60,100,82,80,0
285,Shroomish,50,grass,,4.5,0.4,3,Mushroom,60,60,40,40,60,35,0
286,Breloom,50,grass,fighting,39.2,1.2,3,Mushroom,80,60,130,60,60,70,0
287,Slakoth,50,normal,,24,0.8,3,Slacker,60,60,60,35,35,30,0
288,Vigoroth,50,normal,,46.5,1.4,3,Wild Monkey,80,80,80,55,55,90,0
289,Slaking,50,normal,,130.5,2,3,Lazy,100,150,160,95,65,100,0
290,Nincada,50,bug,ground,5.5,0.5,3,Trainee,90,31,45,30,30,40,0
291,Ninjask,50,bug,flying,12,0.8,3,Ninja,45,61,90,50,50,160,0
292,Shedinja,,bug,ghost,1.2,0.8,3,Shed,45,1,90,30,30,40,0
293,Whismur,50,normal,,16.3,0.6,3,Whisper,23,64,51,51,23,28,0
294,Loudred,50,normal,,40.5,1,3,Big Voice,43,84,71,71,43,48,0
295,Exploud,50,normal,,84,1.5,3,Loud Noise,63,104,91,91,73,68,0
296,Makuhita,75.4,fighting,,86.4,1,3,Guts,30,72,60,20,30,25,0
297,Hariyama,75.4,fighting,,253.8,2.3,3,Arm Thrust,60,144,120,40,60,50,0
298,Azurill,24.6,normal,fairy,2,0.2,3,Polka Dot,40,50,20,20,40,20,0
299,Nosepass,50,rock,,97,1,3,Compass,135,30,45,45,90,30,0
300,Skitty,24.6,normal,,11,0.6,3,Kitten,45,50,45,35,35,50,0
301,Delcatty,24.6,normal,,32.6,1.1,3,Prim,65,70,65,55,55,90,0
302,Sableye,50,dark,ghost,11,0.5,3,Darkness,125,50,85,85,115,20,0
303,Mawile,50,steel,fairy,11.5,0.6,3,Deceiver,125,50,105,55,95,50,0
304,Aron,50,steel,rock,60,0.4,3,Iron Armor,100,50,70,40,40,30,0
305,Lairon,50,steel,rock,120,0.9,3,Iron Armor,140,60,90,50,50,40,0
306,Aggron,50,steel,rock,360,2.1,3,Iron Armor,230,70,140,60,80,50,0
307,Meditite,50,fighting,psychic,11.2,0.6,3,Meditate,55,30,40,40,55,60,0
308,Medicham,50,fighting,psychic,31.5,1.3,3,Meditate,85,60,100,80,85,100,0
309,Electrike,50,electric,,15.2,0.6,3,Lightning,40,40,45,65,40,65,0
310,Manectric,50,electric,,40.2,1.5,3,Discharge,80,70,75,135,80,135,0
311,Plusle,50,electric,,4.2,0.4,3,Cheering,40,60,50,85,75,95,0
312,Minun,50,electric,,4.2,0.4,3,Cheering,50,60,40,75,85,95,0
313,Volbeat,100,bug,,17.7,0.7,3,Firefly,75,65,73,47,85,85,0
314,Illumise,0,bug,,17.7,0.6,3,Firefly,75,65,47,73,85,85,0
315,Roselia,50,grass,poison,2,0.3,3,Thorn,45,50,60,100,80,65,0
316,Gulpin,50,poison,,10.3,0.4,3,Stomach,53,70,43,43,53,40,0
317,Swalot,50,poison,,80,1.7,3,Poison Bag,83,100,73,73,83,55,0
318,Carvanha,50,water,dark,20.8,0.8,3,Savage,20,45,90,65,20,65,0
319,Sharpedo,50,water,dark,88.8,1.8,3,Brutal,70,70,140,110,65,105,0
320,Wailmer,50,water,,130,2,3,Ball Whale,35,130,70,70,35,60,0
321,Wailord,50,water,,398,14.5,3,Float Whale,45,170,90,90,45,60,0
322,Numel,50,fire,ground,24,0.7,3,Numb,40,60,60,65,45,35,0
323,Camerupt,50,fire,ground,220,1.9,3,Eruption,100,70,120,145,105,20,0
324,Torkoal,50,fire,,80.4,0.5,3,Coal,140,70,85,85,70,20,0
325,Spoink,50,psychic,,30.6,0.7,3,Bounce,35,60,25,70,80,60,0
326,Grumpig,50,psychic,,71.5,0.9,3,Manipulate,65,80,45,90,110,80,0
327,Spinda,50,normal,,5,1.1,3,Spot Panda,60,60,60,60,60,60,0
328,Trapinch,50,ground,,15,0.7,3,Ant Pit,45,45,100,45,45,10,0
329,Vibrava,50,ground,dragon,15.3,1.1,3,Vibration,50,50,70,50,50,70,0
330,Flygon,50,ground,dragon,82,2,3,Mystic,80,80,100,80,80,100,0
331,Cacnea,50,grass,,51.3,0.4,3,Cactus,40,50,85,85,40,35,0
332,Cacturne,50,grass,dark,77.4,1.3,3,Scarecrow,60,70,115,115,60,55,0
333,Swablu,50,normal,flying,1.2,0.4,3,Cotton Bird,60,45,40,40,75,50,0
334,Altaria,50,dragon,flying,20.6,1.1,3,Humming,110,75,110,110,105,80,0
335,Zangoose,50,normal,,40.3,1.3,3,Cat Ferret,60,73,115,60,60,90,0
336,Seviper,50,poison,,52.5,2.7,3,Fang Snake,60,73,100,100,60,65,0
337,Lunatone,,rock,psychic,168,1,3,Meteorite,65,90,55,95,85,70,0
338,Solrock,,rock,psychic,154,1.2,3,Meteorite,85,90,95,55,65,70,0
339,Barboach,50,water,ground,1.9,0.4,3,Whiskers,43,50,48,46,41,60,0
340,Whiscash,50,water,ground,23.6,0.9,3,Whiskers,73,110,78,76,71,60,0
341,Corphish,50,water,,11.5,0.6,3,Ruffian,65,43,80,50,35,35,0
342,Crawdaunt,50,water,dark,32.8,1.1,3,Rogue,85,63,120,90,55,55,0
343,Baltoy,,ground,psychic,21.5,0.5,3,Clay Doll,55,40,40,40,70,55,0
344,Claydol,,ground,psychic,108,1.5,3,Clay Doll,105,60,70,70,120,75,0
345,Lileep,88.1,rock,grass,23.8,1,3,Sea Lily,77,66,41,61,87,23,0
346,Cradily,88.1,rock,grass,60.4,1.5,3,Barnacle,97,86,81,81,107,43,0
347,Anorith,88.1,rock,bug,12.5,0.7,3,Old Shrimp,50,45,95,40,50,75,0
348,Armaldo,88.1,rock,bug,68.2,1.5,3,Plate,100,75,125,70,80,45,0
349,Feebas,50,water,,7.4,0.6,3,Fish,20,20,15,10,55,80,0
350,Milotic,50,water,,162,6.2,3,Tender,79,95,60,100,125,81,0
351,Castform,50,normal,,0.8,0.3,3,Weather,70,70,70,70,70,70,0
352,Kecleon,50,normal,,22,1,3,Color Swap,70,60,90,60,120,40,0
353,Shuppet,50,ghost,,2.3,0.6,3,Puppet,35,44,75,63,33,45,0
354,Banette,50,ghost,,12.5,1.1,3,Marionette,75,64,165,93,83,75,0
355,Duskull,50,ghost,,15,0.8,3,Requiem,90,20,40,30,90,25,0
356,Dusclops,50,ghost,,30.6,1.6,3,Beckon,130,40,70,60,130,25,0
357,Tropius,50,grass,flying,100,2,3,Fruit,83,99,68,72,87,51,0
358,Chimecho,50,psychic,,1,0.6,3,Wind Chime,80,75,50,95,90,65,0
359,Absol,50,dark,,47,1.2,3,Disaster,60,65,150,115,60,115,0
360,Wynaut,50,psychic,,14,0.6,3,Bright,48,95,23,23,48,23,0
361,Snorunt,50,ice,,16.8,0.7,3,Snow Hat,50,50,50,50,50,50,0
362,Glalie,50,ice,,256.5,1.5,3,Face,80,80,120,120,80,100,0
363,Spheal,50,ice,water,39.5,0.8,3,Clap,50,70,40,55,50,25,0
364,Sealeo,50,ice,water,87.6,1.1,3,Ball Roll,70,90,60,75,70,45,0
365,Walrein,50,ice,water,150.6,1.4,3,Ice Break,90,110,80,95,90,65,0
366,Clamperl,50,water,,52.5,0.4,3,Bivalve,85,35,64,74,55,32,0
367,Huntail,50,water,,27,1.7,3,Deep Sea,105,55,104,94,75,52,0
368,Gorebyss,50,water,,22.6,1.8,3,South Sea,105,55,84,114,75,52,0
369,Relicanth,88.1,water,rock,23.4,1,3,Longevity,130,100,90,45,65,55,0
370,Luvdisc,24.6,water,,8.7,0.6,3,Rendezvous,55,43,30,40,65,97,0
371,Bagon,50,dragon,,42.1,0.6,3,Rock Head,60,45,75,40,30,50,0
372,Shelgon,50,dragon,,110.5,1.1,3,Endurance,100,65,95,60,50,50,0
373,Salamence,50,dragon,flying,102.6,1.5,3,Dragon,130,95,145,120,90,120,0
374,Beldum,,steel,psychic,95.2,0.6,3,Iron Ball,80,40,55,35,60,30,0
375,Metang,,steel,psychic,202.5,1.2,3,Iron Claw,100,60,75,55,80,50,0
376,Metagross,,steel,psychic,550,1.6,3,Iron Leg,150,80,145,105,110,110,0
377,Regirock,,rock,,230,1.7,3,Rock Peak,200,80,100,50,100,50,1
378,Regice,,ice,,175,1.8,3,Iceberg,100,80,50,100,200,50,1
379,Registeel,,steel,,205,1.9,3,Iron,150,80,75,75,150,50,1
380,Latias,0,dragon,psychic,40,1.4,3,Eon,120,80,100,140,150,110,1
381,Latios,100,dragon,psychic,60,2,3,Eon,100,80,130,160,120,110,1
382,Kyogre,,water,,352,4.5,3,Sea Basin,90,100,150,180,160,90,1
383,Groudon,,ground,,950,3.5,3,Continent,160,100,180,150,90,90,1
384,Rayquaza,,dragon,flying,206.5,7,3,Sky High,100,105,180,180,100,115,1
385,Jirachi,,steel,psychic,1.1,0.3,3,Wish,100,100,100,100,100,100,1
386,Deoxys,,psychic,,60.8,1.7,3,DNA,90,50,95,95,90,180,1
387,Turtwig,88.1,grass,,10.2,0.4,4,Tiny Leaf,64,55,68,45,55,31,0
388,Grotle,88.1,grass,,97,1.1,4,Grove,85,75,89,55,65,36,0
389,Torterra,88.1,grass,ground,310,2.2,4,Continent,105,95,109,75,85,56,0
390,Chimchar,88.1,fire,,6.2,0.5,4,Chimp,44,44,58,58,44,61,0
391,Monferno,88.1,fire,fighting,22,0.9,4,Playful,52,64,78,78,52,81,0
392,Infernape,88.1,fire,fighting,55,1.2,4,Flame,71,76,104,104,71,108,0
393,Piplup,88.1,water,,5.2,0.4,4,Penguin,53,53,51,61,56,40,0
394,Prinplup,88.1,water,,23,0.8,4,Penguin,68,64,66,81,76,50,0
395,Empoleon,88.1,water,steel,84.5,1.7,4,Emperor,88,84,86,111,101,60,0
396,Starly,50,normal,flying,2,0.3,4,Starling,30,40,55,30,30,60,0
397,Staravia,50,normal,flying,15.5,0.6,4,Starling,50,55,75,40,40,80,0
398,Staraptor,50,normal,flying,24.9,1.2,4,Predator,70,85,120,50,60,100,0
399,Bidoof,50,normal,,20,0.5,4,Plump Mouse,40,59,45,35,40,31,0
400,Bibarel,50,normal,water,31.5,1,4,Beaver,60,79,85,55,60,71,0
401,Kricketot,50,bug,,2.2,0.3,4,Cricket,41,37,25,25,41,25,0
402,Kricketune,50,bug,,25.5,1,4,Cricket,51,77,85,55,51,65,0
403,Shinx,50,electric,,9.5,0.5,4,Flash,34,45,65,40,34,45,0
404,Luxio,50,electric,,30.5,0.9,4,Spark,49,60,85,60,49,60,0
405,Luxray,50,electric,,42,1.4,4,Gleam Eyes,79,80,120,95,79,70,0
406,Budew,50,grass,poison,1.2,0.2,4,Bud,35,40,30,50,70,55,0
407,Roserade,50,grass,poison,14.5,0.9,4,Bouquet,65,60,70,125,105,90,0
408,Cranidos,88.1,rock,,31.5,0.9,4,Head Butt,40,67,125,30,30,58,0
409,Rampardos,88.1,rock,,102.5,1.6,4,Head Butt,60,97,165,65,50,58,0
410,Shieldon,88.1,rock,steel,57,0.5,4,Shield,118,30,42,42,88,30,0
411,Bastiodon,88.1,rock,steel,149.5,1.3,4,Shield,168,60,52,47,138,30,0
412,Burmy,50,bug,,3.4,0.2,4,Bagworm,45,40,29,29,45,36,0
413,Wormadam,0,bug,grass,6.5,0.5,4,Bagworm,95,60,69,69,95,36,0
414,Mothim,100,bug,flying,23.3,0.9,4,Moth,50,70,94,94,50,66,0
415,Combee,88.1,bug,flying,5.5,0.3,4,Tiny Bee,42,30,30,30,42,70,0
416,Vespiquen,0,bug,flying,38.5,1.2,4,Beehive,102,70,80,80,102,40,0
417,Pachirisu,50,electric,,3.9,0.4,4,EleSquirrel,70,60,45,45,90,95,0
418,Buizel,50,water,,29.5,0.7,4,Sea Weasel,35,55,65,60,30,85,0
419,Floatzel,50,water,,33.5,1.1,4,Sea Weasel,55,85,105,85,50,115,0
420,Cherubi,50,grass,,3.3,0.4,4,Cherry,45,45,35,62,53,35,0
421,Cherrim,50,grass,,9.3,0.5,4,Blossom,70,70,60,87,78,85,0
422,Shellos,50,water,,6.3,0.3,4,Sea Slug,48,76,48,57,62,34,0
423,Gastrodon,50,water,ground,29.9,0.9,4,Sea Slug,68,111,83,92,82,39,0
424,Ambipom,50,normal,,20.3,1.2,4,Long Tail,66,75,100,60,66,115,0
425,Drifloon,50,ghost,flying,1.2,0.4,4,Balloon,34,90,50,60,44,70,0
426,Drifblim,50,ghost,flying,15,1.2,4,Blimp,44,150,80,90,54,80,0
427,Buneary,50,normal,,5.5,0.4,4,Rabbit,44,55,66,44,56,85,0
428,Lopunny,50,normal,,33.3,1.2,4,Rabbit,94,65,136,54,96,135,0
429,Mismagius,50,ghost,,4.4,0.9,4,Magical,60,60,60,105,105,105,0
430,Honchkrow,50,dark,flying,27.3,0.9,4,Big Boss,52,100,125,105,52,71,0
431,Glameow,24.6,normal,,3.9,0.5,4,Catty,42,49,55,42,37,85,0
432,Purugly,24.6,normal,,43.8,1,4,Tiger Cat,64,71,82,64,59,112,0
433,Chingling,50,psychic,,0.6,0.2,4,Bell,50,45,30,65,50,45,0
434,Stunky,50,poison,dark,19.2,0.4,4,Skunk,47,63,63,41,41,74,0
435,Skuntank,50,poison,dark,38,1,4,Skunk,67,103,93,71,61,84,0
436,Bronzor,,steel,psychic,60.5,0.5,4,Bronze,86,57,24,24,86,23,0
437,Bronzong,,steel,psychic,187,1.3,4,Bronze Bell,116,67,89,79,116,33,0
438,Bonsly,50,rock,,15,0.5,4,Bonsai,95,50,80,10,45,10,0
439,Mime Jr.,50,psychic,fairy,13,0.6,4,Mime,45,20,25,70,90,60,0
440,Happiny,0,normal,,24.4,0.6,4,Playhouse,5,100,5,15,65,30,0
441,Chatot,50,normal,flying,1.9,0.5,4,Music Note,45,76,65,92,42,91,0
442,Spiritomb,50,ghost,dark,108,1,4,Forbidden,108,50,92,92,108,35,0
443,Gible,50,dragon,ground,20.5,0.7,4,Land Shark,45,58,70,40,45,42,0
444,Gabite,50,dragon,ground,56,1.4,4,Cave,65,68,90,50,55,82,0
445,Garchomp,50,dragon,ground,95,1.9,4,Mach,115,108,170,120,95,92,0
446,Munchlax,88.1,normal,,105,0.6,4,Big Eater,40,135,85,40,85,5,0
447,Riolu,88.1,fighting,,20.2,0.7,4,Emanation,40,40,70,35,40,60,0
448,Lucario,88.1,fighting,steel,54,1.2,4,Aura,88,70,145,140,70,112,0
449,Hippopotas,50,ground,,49.5,0.8,4,Hippo,78,68,72,38,42,32,0
450,Hippowdon,50,ground,,300,2,4,Heavyweight,118,108,112,68,72,47,0
451,Skorupi,50,poison,bug,12,0.8,4,Scorpion,90,40,50,30,55,65,0
452,Drapion,50,poison,dark,61.5,1.3,4,Ogre Scorp,110,70,90,60,75,95,0
453,Croagunk,50,poison,fighting,23,0.7,4,Toxic Mouth,40,48,61,61,40,50,0
454,Toxicroak,50,poison,fighting,44.4,1.3,4,Toxic Mouth,65,83,106,86,65,85,0
455,Carnivine,50,grass,,27,1.4,4,Bug Catcher,72,74,100,90,72,46,0
456,Finneon,50,water,,7,0.4,4,Wing Fish,56,49,49,49,61,66,0
457,Lumineon,50,water,,24,1.2,4,Neon,76,69,69,69,86,91,0
458,Mantyke,50,water,flying,65,1,4,Kite,50,45,20,60,120,50,0
459,Snover,50,grass,ice,50.5,1,4,Frosted Tree,50,60,62,62,60,40,0
460,Abomasnow,50,grass,ice,135.5,2.2,4,Frosted Tree,105,90,132,132,105,30,0
461,Weavile,50,dark,ice,34,1.1,4,Sharp Claw,65,70,120,45,85,125,0
462,Magnezone,,electric,steel,180,1.2,4,Magnet Area,115,70,70,130,90,60,0
463,Lickilicky,50,normal,,140,1.7,4,Licking,95,110,85,80,95,50,0
464,Rhyperior,50,ground,rock,282.8,2.4,4,Drill,130,115,140,55,55,40,0
465,Tangrowth,50,grass,,128.6,2,4,Vine,125,100,100,110,50,50,0
466,Electivire,75.4,electric,,138.6,1.8,4,Thunderbolt,67,75,123,95,85,95,0
467,Magmortar,75.4,fire,,68,1.6,4,Blast,67,75,95,125,95,83,0
468,Togekiss,88.1,fairy,flying,38,1.5,4,Jubilee,95,85,50,120,115,80,0
469,Yanmega,50,bug,flying,51.5,1.9,4,Ogre Darner,86,86,76,116,56,95,0
470,Leafeon,88.1,grass,,25.5,1,4,Verdant,130,65,110,60,65,95,0
471,Glaceon,88.1,ice,,25.9,0.8,4,Fresh Snow,110,65,60,130,95,65,0
472,Gliscor,50,ground,flying,42.5,2,4,Fang Scorp,125,75,95,45,75,95,0
473,Mamoswine,50,ice,ground,291,2.5,4,Twin Tusk,80,110,130,70,60,80,0
474,Porygon-Z,,normal,,34,0.9,4,Virtual,70,85,80,135,75,90,0
475,Gallade,100,psychic,fighting,52,1.6,4,Blade,95,68,165,65,115,110,0
476,Probopass,50,rock,steel,340,1.4,4,Compass,145,60,55,75,150,40,0
477,Dusknoir,50,ghost,,106.6,2.2,4,Gripper,135,45,100,65,135,45,0
478,Froslass,0,ice,ghost,26.6,1.3,4,Snow Land,70,70,80,80,70,110,0
479,Rotom,,electric,ghost,0.3,0.3,4,Plasma,107,50,65,105,107,86,0
480,Uxie,,psychic,,0.3,0.3,4,Knowledge,130,75,75,75,130,95,1
481,Mesprit,,psychic,,0.3,0.3,4,Emotion,105,80,105,105,105,80,1
482,Azelf,,psychic,,0.3,0.3,4,Willpower,70,75,125,125,70,115,1
483,Dialga,,steel,dragon,683,5.4,4,Temporal,120,100,120,150,100,90,1
484,Palkia,,water,dragon,336,4.2,4,Spatial,100,90,120,150,120,100,1
485,Heatran,50,fire,steel,430,1.7,4,Lava Dome,106,91,90,130,106,77,1
486,Regigigas,,normal,,420,3.7,4,Colossal,110,110,160,80,110,100,1
487,Giratina,,ghost,dragon,750,4.5,4,Renegade,100,150,120,120,100,90,1
488,Cresselia,0,psychic,,85.6,1.5,4,Lunar,120,120,70,75,130,85,1
489,Phione,,water,,3.1,0.4,4,Sea Drifter,80,80,80,80,80,80,0
490,Manaphy,,water,,1.4,0.3,4,Seafaring,100,100,100,100,100,100,1
491,Darkrai,,dark,,50.5,1.5,4,Pitch-Black,90,70,90,135,90,125,1
492,Shaymin,,grass,grass,2.1,0.2,4,Gratitude,75,100,103,120,75,127,1
493,Arceus,,normal,,320,3.2,4,Alpha,120,120,120,120,120,120,1
494,Victini,,psychic,fire,4,0.4,5,Victory,100,100,100,100,100,100,1
495,Snivy,88.1,grass,,8.1,0.6,5,Grass Snake,55,45,45,45,55,63,0
496,Servine,88.1,grass,,16,0.8,5,Grass Snake,75,60,60,60,75,83,0
497,Serperior,88.1,grass,,63,3.3,5,Regal,95,75,75,75,95,113,0
498,Tepig,88.1,fire,,9.9,0.5,5,Fire Pig,45,65,63,45,45,45,0
499,Pignite,88.1,fire,fighting,55.5,1,5,Fire Pig,55,90,93,70,55,55,0
500,Emboar,88.1,fire,fighting,150,1.6,5,Mega Fire Pig,65,110,123,100,65,65,0
501,Oshawott,88.1,water,,5.9,0.5,5,Sea Otter,45,55,55,63,45,45,0
502,Dewott,88.1,water,,24.5,0.8,5,Discipline,60,75,75,83,60,60,0
503,Samurott,88.1,water,,94.6,1.5,5,Formidable,85,95,100,108,70,70,0
504,Patrat,50,normal,,11.6,0.5,5,Scout,39,45,55,35,39,42,0
505,Watchog,50,normal,,27,1.1,5,Lookout,69,60,85,60,69,77,0
506,Lillipup,50,normal,,4.1,0.4,5,Puppy,45,45,60,25,45,55,0
507,Herdier,50,normal,,14.7,0.9,5,Loyal Dog,65,65,80,35,65,60,0
508,Stoutland,50,normal,,61,1.2,5,Big-Hearted,90,85,110,45,90,80,0
509,Purrloin,50,dark,,10.1,0.4,5,Devious,37,41,50,50,37,66,0
510,Liepard,50,dark,,37.5,1.1,5,Cruel,50,64,88,88,50,106,0
511,Pansage,88.1,grass,,10.5,0.6,5,Grass Monkey,48,50,53,53,48,64,0
512,Simisage,88.1,grass,,30.5,1.1,5,Thorn Monkey,63,75,98,98,63,101,0
513,Pansear,88.1,fire,,11,0.6,5,High Temp,48,50,53,53,48,64,0
514,Simisear,88.1,fire,,28,1,5,Ember,63,75,98,98,63,101,0
515,Panpour,88.1,water,,13.5,0.6,5,Spray,48,50,53,53,48,64,0
516,Simipour,88.1,water,,29,1,5,Geyser,63,75,98,98,63,101,0
517,Munna,50,psychic,,23.3,0.6,5,Dream Eater,45,76,25,67,55,24,0
518,Musharna,50,psychic,,60.5,1.1,5,Drowsing,85,116,55,107,95,29,0
519,Pidove,50,normal,flying,2.1,0.3,5,Tiny Pigeon,50,50,55,36,30,43,0
520,Tranquill,50,normal,flying,15,0.6,5,Wild Pigeon,62,62,77,50,42,65,0
521,Unfezant,50,normal,flying,29,1.2,5,Proud,80,80,115,65,55,93,0
522,Blitzle,50,electric,,29.8,0.8,5,Electrified,32,45,60,50,32,76,0
523,Zebstrika,50,electric,,79.5,1.6,5,Thunderbolt,63,75,100,80,63,116,0
524,Roggenrola,50,rock,,18,0.4,5,Mantle,85,55,75,25,25,15,0
525,Boldore,50,rock,,102,0.9,5,Ore,105,70,105,50,40,20,0
526,Gigalith,50,rock,,260,1.7,5,Compressed,130,85,135,60,80,25,0
527,Woobat,50,psychic,flying,2.1,0.4,5,Bat,43,65,45,55,43,72,0
528,Swoobat,50,psychic,flying,10.5,0.9,5,Courting,55,67,57,77,55,114,0
529,Drilbur,50,ground,,8.5,0.3,5,Mole,40,60,85,30,45,68,0
530,Excadrill,50,ground,steel,40.4,0.7,5,Subterrene,60,110,135,50,65,88,0
531,Audino,50,normal,,31,1.1,5,Hearing,126,103,60,80,126,50,0
532,Timburr,75.4,fighting,,12.5,0.6,5,Muscular,55,75,80,25,35,35,0
533,Gurdurr,75.4,fighting,,40,1.2,5,Muscular,85,85,105,40,50,40,0
534,Conkeldurr,75.4,fighting,,87,1.4,5,Muscular,95,105,140,55,65,45,0
535,Tympole,50,water,,4.5,0.5,5,Tadpole,40,50,50,50,40,64,0
536,Palpitoad,50,water,ground,17,0.8,5,Vibration,55,75,65,65,55,69,0
537,Seismitoad,50,water,ground,62,1.5,5,Vibration,75,105,95,85,75,74,0
538,Throh,100,fighting,,55.5,1.3,5,Judo,85,120,100,30,85,45,0
539,Sawk,100,fighting,,51,1.4,5,Karate,75,75,125,30,75,85,0
540,Sewaddle,50,bug,grass,2.5,0.3,5,Sewing,70,45,53,40,60,42,0
541,Swadloon,50,bug,grass,7.3,0.5,5,Leaf-Wrapped,90,55,63,50,80,42,0
542,Leavanny,50,bug,grass,20.5,1.2,5,Nurturing,80,75,103,70,80,92,0
543,Venipede,50,bug,poison,5.3,0.4,5,Centipede,59,30,45,30,39,57,0
544,Whirlipede,50,bug,poison,58.5,1.2,5,Curlipede,99,40,55,40,79,47,0
545,Scolipede,50,bug,poison,200.5,2.5,5,Megapede,89,60,100,55,69,112,0
546,Cottonee,50,grass,fairy,0.6,0.3,5,Cotton Puff,60,40,27,37,50,66,0
547,Whimsicott,50,grass,fairy,6.6,0.7,5,Windveiled,85,60,67,77,75,116,0
548,Petilil,0,grass,,6.6,0.5,5,Bulb,50,45,35,70,50,30,0
549,Lilligant,0,grass,,16.3,1.1,5,Flowering,75,70,60,110,75,90,0
550,Basculin,50,water,,18,1,5,Hostile,65,70,92,80,55,98,0
551,Sandile,50,ground,dark,15.2,0.7,5,Desert Croc,35,50,72,35,35,65,0
552,Krokorok,50,ground,dark,33.4,1,5,Desert Croc,45,60,82,45,45,74,0
553,Krookodile,50,ground,dark,96.3,1.5,5,Intimidation,80,95,117,65,70,92,0
554,Darumaka,50,fire,,37.5,0.6,5,Zen Charm,45,70,90,15,45,50,0
555,Darmanitan,50,fire,fire,92.9,1.3,5,Blazing,105,105,30,140,105,55,0
556,Maractus,50,grass,,28,1,5,Cactus,67,75,86,106,67,60,0
557,Dwebble,50,bug,rock,14.5,0.3,5,Rock Inn,85,50,65,35,35,55,0
558,Crustle,50,bug,rock,200,1.4,5,Stone Home,125,70,105,65,75,45,0
559,Scraggy,50,dark,fighting,11.8,0.6,5,Shedding,70,50,75,35,70,48,0
560,Scrafty,50,dark,fighting,30,1.1,5,Hoodlum,115,65,90,45,115,58,0
561,Sigilyph,50,psychic,flying,14,1.4,5,Avianoid,80,72,58,103,80,97,0
562,Yamask,50,ghost,,1.5,0.5,5,Spirit,85,38,30,55,65,30,0
563,Cofagrigus,50,ghost,,76.5,1.7,5,Coffin,145,58,50,95,105,30,0
564,Tirtouga,88.1,water,rock,16.5,0.7,5,Prototurtle,103,54,78,53,45,22,0
565,Carracosta,88.1,water,rock,81,1.2,5,Prototurtle,133,74,108,83,65,32,0
566,Archen,88.1,rock,flying,9.5,0.5,5,First Bird,45,55,112,74,45,70,0
567,Archeops,88.1,rock,flying,32,1.4,5,First Bird,65,75,140,112,65,110,0
568,Trubbish,50,poison,,31,0.6,5,Trash Bag,62,50,50,40,62,65,0
569,Garbodor,50,poison,,107.3,1.9,5,Trash Heap,82,80,95,60,82,75,0
570,Zorua,88.1,dark,,12.5,0.7,5,Tricky Fox,40,40,65,80,40,65,0
571,Zoroark,88.1,dark,,81.1,1.6,5,Illusion Fox,60,60,105,120,60,105,0
572,Minccino,24.6,normal,,5.8,0.4,5,Chinchilla,40,55,50,40,40,75,0
573,Cinccino,24.6,normal,,7.5,0.5,5,Scarf,60,75,95,65,60,115,0
574,Gothita,24.6,psychic,,5.8,0.4,5,Fixation,50,45,30,55,65,45,0
575,Gothorita,24.6,psychic,,18,0.7,5,Manipulate,70,60,45,75,85,55,0
576,Gothitelle,24.6,psychic,,44,1.5,5,Astral Body,95,70,55,95,110,65,0
577,Solosis,50,psychic,,1,0.3,5,Cell,40,45,30,105,50,20,0
578,Duosion,50,psychic,,8,0.6,5,Mitosis,50,65,40,125,60,30,0
579,Reuniclus,50,psychic,,20.1,1,5,Multiplying,75,110,65,125,85,30,0
580,Ducklett,50,water,flying,5.5,0.5,5,Water Bird,50,62,44,44,50,55,0
581,Swanna,50,water,flying,24.2,1.3,5,White Bird,63,75,87,87,63,98,0
582,Vanillite,50,ice,,5.7,0.4,5,Fresh Snow,50,36,50,65,60,44,0
583,Vanillish,50,ice,,41,1.1,5,Icy Snow,65,51,65,80,75,59,0
584,Vanilluxe,50,ice,,57.5,1.3,5,Snowstorm,85,71,95,110,95,79,0
585,Deerling,50,normal,grass,19.5,0.6,5,Season,50,60,60,40,50,75,0
586,Sawsbuck,50,normal,grass,92.5,1.9,5,Season,70,80,100,60,70,95,0
587,Emolga,50,electric,flying,5,0.4,5,Sky Squirrel,60,55,75,75,60,103,0
588,Karrablast,50,bug,,5.9,0.5,5,Clamping,45,50,75,40,45,60,0
589,Escavalier,50,bug,steel,33,1,5,Cavalry,105,70,135,60,105,20,0
590,Foongus,50,grass,poison,1,0.2,5,Mushroom,45,69,55,55,55,15,0
591,Amoonguss,50,grass,poison,10.5,0.6,5,Mushroom,70,114,85,85,80,30,0
592,Frillish,50,water,ghost,33,1.2,5,Floating,50,55,40,65,85,40,0
593,Jellicent,50,water,ghost,135,2.2,5,Floating,70,100,60,85,105,60,0
594,Alomomola,50,water,,31.6,1.2,5,Caring,80,165,75,40,45,65,0
595,Joltik,50,bug,electric,0.6,0.1,5,Attaching,50,50,47,57,50,65,0
596,Galvantula,50,bug,electric,14.3,0.8,5,EleSpider,60,70,77,97,60,108,0
597,Ferroseed,50,grass,steel,18.8,0.6,5,Thorn Seed,91,44,50,24,86,10,0
598,Ferrothorn,50,grass,steel,110,1,5,Thorn Pod,131,74,94,54,116,20,0
599,Klink,,steel,,21,0.3,5,Gear,70,40,55,45,60,30,0
600,Klang,,steel,,51,0.6,5,Gear,95,60,80,70,85,50,0
601,Klinklang,,steel,,81,0.6,5,Gear,115,60,100,70,85,90,0
602,Tynamo,50,electric,,0.3,0.2,5,EleFish,40,35,55,45,40,60,0
603,Eelektrik,50,electric,,22,1.2,5,EleFish,70,65,85,75,70,40,0
604,Eelektross,50,electric,,80.5,2.1,5,EleFish,80,85,115,105,80,50,0
605,Elgyem,50,psychic,,9,0.5,5,Cerebral,55,55,55,85,55,30,0
606,Beheeyem,50,psychic,,34.5,1,5,Cerebral,75,75,75,125,95,40,0
607,Litwick,50,ghost,fire,3.1,0.3,5,Candle,55,50,30,65,55,20,0
608,Lampent,50,ghost,fire,13,0.6,5,Lamp,60,60,40,95,60,55,0
609,Chandelure,50,ghost,fire,34.3,1,5,Luring,90,60,55,145,90,80,0
610,Axew,50,dragon,,18,0.6,5,Tusk,60,46,87,30,40,57,0
611,Fraxure,50,dragon,,36,1,5,Axe Jaw,70,66,117,40,50,67,0
612,Haxorus,50,dragon,,105.5,1.8,5,Axe Jaw,90,76,147,60,70,97,0
613,Cubchoo,50,ice,,8.5,0.5,5,Chill,40,55,70,60,40,40,0
614,Beartic,50,ice,,260,2.6,5,Freezing,80,95,130,70,80,50,0
615,Cryogonal,,ice,,148,1.1,5,Crystallizing,50,80,50,95,135,105,0
616,Shelmet,50,bug,,7.7,0.4,5,Snail,85,50,40,40,65,25,0
617,Accelgor,50,bug,,25.3,0.8,5,Shell Out,40,80,70,100,60,145,0
618,Stunfisk,50,ground,electric,11,0.7,5,Trap,84,109,66,81,99,32,0
619,Mienfoo,50,fighting,,20,0.9,5,Martial Arts,50,45,85,55,50,65,0
620,Mienshao,50,fighting,,35.5,1.4,5,Martial Arts,60,65,125,95,60,105,0
621,Druddigon,50,dragon,,139,1.6,5,Cave,90,77,120,60,90,48,0
622,Golett,,ground,ghost,92,1,5,Automaton,50,59,74,35,50,35,0
623,Golurk,,ground,ghost,330,2.8,5,Automaton,80,89,124,55,80,55,0
624,Pawniard,50,dark,steel,10.2,0.5,5,Sharp Blade,70,45,85,40,40,60,0
625,Bisharp,50,dark,steel,70,1.6,5,Sword Blade,100,65,125,60,70,70,0
626,Bouffalant,50,normal,,94.6,1.6,5,Bash Buffalo,95,95,110,40,95,55,0
627,Rufflet,100,normal,flying,10.5,0.5,5,Eaglet,50,70,83,37,50,60,0
628,Braviary,100,normal,flying,41,1.5,5,Valiant,75,100,123,57,75,80,0
629,Vullaby,0,dark,flying,9,0.5,5,Diapered,75,70,55,45,65,60,0
630,Mandibuzz,0,dark,flying,39.5,1.2,5,Bone Vulture,105,110,65,55,95,80,0
631,Heatmor,50,fire,,58,1.4,5,Anteater,66,85,97,105,66,65,0
632,Durant,50,bug,steel,33,0.3,5,Iron Ant,112,58,109,48,48,109,0
633,Deino,50,dark,dragon,17.3,0.8,5,Irate,50,52,65,45,50,38,0
634,Zweilous,50,dark,dragon,50,1.4,5,Hostile,70,72,85,65,70,58,0
635,Hydreigon,50,dark,dragon,160,1.8,5,Brutal,90,92,105,125,90,98,0
636,Larvesta,50,bug,fire,28.8,1.1,5,Torch,55,55,85,50,55,60,0
637,Volcarona,50,bug,fire,46,1.6,5,Sun,65,85,60,135,105,100,0
638,Cobalion,,steel,fighting,250,2.1,5,Iron Will,129,91,90,90,72,108,1
639,Terrakion,,rock,fighting,260,1.9,5,Cavern,90,91,129,72,90,108,1
640,Virizion,,grass,fighting,200,2,5,Grassland,72,91,90,90,129,108,1
641,Tornadus,100,flying,,63,1.5,5,Cyclone,80,79,100,110,90,121,1
642,Thundurus,100,electric,flying,61,1.5,5,Bolt Strike,70,79,105,145,80,101,1
643,Reshiram,,dragon,fire,330,3.2,5,Vast White,100,100,120,150,120,90,1
644,Zekrom,,dragon,electric,345,2.9,5,Deep Black,120,100,150,120,100,90,1
645,Landorus,100,ground,flying,68,1.5,5,Abundance,90,89,145,105,80,91,1
646,Kyurem,,dragon,ice,325,3,5,Boundary,90,125,120,170,100,95,1
647,Keldeo,,water,fighting,48.5,1.4,5,Colt,90,91,72,129,90,108,1
648,Meloetta,,normal,psychic,6.5,0.6,5,Melody,90,100,128,77,77,128,1
649,Genesect,,bug,steel,82.5,1.5,5,Paleozoic,95,71,120,120,95,99,1
650,Chespin,88.1,grass,,9,0.4,6,Spiky Nut,65,56,61,48,45,38,0
651,Quilladin,88.1,grass,,29,0.7,6,Spiny Armor,95,61,78,56,58,57,0
652,Chesnaught,88.1,grass,fighting,90,1.6,6,Spiny Armor,122,88,107,74,75,64,0
653,Fennekin,88.1,fire,,9.4,0.4,6,Fox,40,40,45,62,60,60,0
654,Braixen,88.1,fire,,14.5,1,6,Fox,58,59,59,90,70,73,0
655,Delphox,88.1,fire,psychic,39,1.5,6,Fox,72,75,69,114,100,104,0
656,Froakie,88.1,water,,7,0.3,6,Bubble Frog,40,41,56,62,44,71,0
657,Frogadier,88.1,water,,10.9,0.6,6,Bubble Frog,52,54,63,83,56,97,0
658,Greninja,88.1,water,dark,40,1.5,6,Ninja,67,72,145,153,71,132,0
659,Bunnelby,50,normal,,5,0.4,6,Digging,38,38,36,32,36,57,0
660,Diggersby,50,normal,ground,42.4,1,6,Digging,77,85,56,50,77,78,0
661,Fletchling,50,normal,flying,1.7,0.3,6,Tiny Robin,43,45,50,40,38,62,0
662,Fletchinder,50,fire,flying,16,0.7,6,Ember,55,62,73,56,52,84,0
663,Talonflame,50,fire,flying,24.5,1.2,6,Scorching,71,78,81,74,69,126,0
664,Scatterbug,50,bug,,2.5,0.3,6,Scatterdust,40,38,35,27,25,35,0
665,Spewpa,50,bug,,8.4,0.3,6,Scatterdust,60,45,22,27,30,29,0
666,Vivillon,50,bug,flying,17,1.2,6,Scale,50,80,52,90,50,89,0
667,Litleo,11.2,fire,normal,13.5,0.6,6,Lion Cub,58,62,50,73,54,72,0
668,Pyroar,11.2,fire,normal,81.5,1.5,6,Royal,72,86,68,109,66,106,0
669,Flabébé,0,fairy,,0.1,0.1,6,Single Bloom,39,44,38,61,79,42,0
670,Floette,0,fairy,,0.9,0.2,6,Fairy,67,74,65,125,128,92,0
671,Florges,0,fairy,,10,1.1,6,Garden,68,78,65,112,154,75,0
672,Skiddo,50,grass,,31,0.9,6,Mount,48,66,65,62,57,52,0
673,Gogoat,50,grass,,91,1.7,6,Mount,62,123,100,97,81,68,0
674,Pancham,50,fighting,,8,0.6,6,Playful,62,67,82,46,48,43,0
675,Pangoro,50,fighting,dark,136,2.1,6,Daunting,78,95,124,69,71,58,0
676,Furfrou,50,normal,,28,1.2,6,Poodle,60,75,80,65,90,102,0
677,Espurr,50,psychic,,3.5,0.3,6,Restraint,54,62,48,63,60,68,0
678,Meowstic,50,psychic,,8.5,0.6,6,Constraint,76,74,48,83,81,104,0
679,Honedge,50,steel,ghost,2,0.8,6,Sword,100,45,80,35,37,28,0
680,Doublade,50,steel,ghost,4.5,0.8,6,Sword,150,59,110,45,49,35,0
681,Aegislash,50,steel,ghost,53,1.7,6,Royal Sword,50,60,150,150,50,60,0
682,Spritzee,50,fairy,,0.5,0.2,6,Perfume,60,78,52,63,65,23,0
683,Aromatisse,50,fairy,,15.5,0.8,6,Fragrance,72,101,72,99,89,29,0
684,Swirlix,50,fairy,,3.5,0.4,6,Cotton Candy,66,62,48,59,57,49,0
685,Slurpuff,50,fairy,,5,0.8,6,Meringue,86,82,80,85,75,72,0
686,Inkay,50,dark,psychic,3.5,0.4,6,Revolving,53,53,54,37,46,45,0
687,Malamar,50,dark,psychic,47,1.5,6,Overturning,88,86,92,68,75,73,0
688,Binacle,50,rock,water,31,0.5,6,Two-Handed,67,42,52,39,56,50,0
689,Barbaracle,50,rock,water,96,1.3,6,Collective,115,72,105,54,86,68,0
690,Skrelp,50,poison,water,7.3,0.5,6,Mock Kelp,60,50,60,60,60,30,0
691,Dragalge,50,poison,dragon,81.5,1.8,6,Mock Kelp,90,65,75,97,123,44,0
692,Clauncher,50,water,,8.3,0.5,6,Water Gun,62,50,53,58,63,44,0
693,Clawitzer,50,water,,35.3,1.3,6,Howitzer,88,71,73,120,89,59,0
694,Helioptile,50,electric,normal,6,0.5,6,Generator,33,44,38,61,43,70,0
695,Heliolisk,50,electric,normal,21,1,6,Generator,52,62,55,109,94,109,0
696,Tyrunt,88.1,rock,dragon,26,0.8,6,Royal Heir,77,58,89,45,45,48,0
697,Tyrantrum,88.1,rock,dragon,270,2.5,6,Despot,119,82,121,69,59,71,0
698,Amaura,88.1,rock,ice,25.2,1.3,6,Tundra,50,77,59,67,63,46,0
699,Aurorus,88.1,rock,ice,225,2.7,6,Tundra,72,123,77,99,92,58,0
700,Sylveon,88.1,fairy,,23.5,1,6,Intertwining,65,95,65,110,130,60,0
701,Hawlucha,50,fighting,flying,21.5,0.8,6,Wrestling,75,78,92,74,63,118,0
702,Dedenne,50,electric,fairy,2.2,0.2,6,Antenna,57,67,58,81,67,101,0
703,Carbink,,rock,fairy,5.7,0.3,6,Jewel,150,50,50,50,150,50,0
704,Goomy,50,dragon,,2.8,0.3,6,Soft Tissue,35,45,50,55,75,40,0
705,Sliggoo,50,dragon,,17.5,0.8,6,Soft Tissue,53,68,75,83,113,60,0
706,Goodra,50,dragon,,150.5,2,6,Dragon,70,90,100,110,150,80,0
707,Klefki,50,steel,fairy,3,0.2,6,Key Ring,91,57,80,80,87,75,0
708,Phantump,50,ghost,grass,7,0.4,6,Stump,48,43,70,50,60,38,0
709,Trevenant,50,ghost,grass,71,1.5,6,Elder Tree,76,85,110,65,82,56,0
710,Pumpkaboo,50,ghost,grass,15,0.8,6,Pumpkin,70,59,66,44,55,41,0
711,Gourgeist,50,ghost,grass,39,1.7,6,Pumpkin,122,85,100,58,75,54,0
712,Bergmite,50,ice,,99.5,1,6,Ice Chunk,85,55,69,32,35,28,0
713,Avalugg,50,ice,,505,2,6,Iceberg,184,95,117,44,46,28,0
714,Noibat,50,flying,dragon,8,0.5,6,Sound Wave,35,40,30,45,40,55,0
715,Noivern,50,flying,dragon,85,1.5,6,Sound Wave,80,85,70,97,80,123,0
716,Xerneas,,fairy,,215,3,6,Life,95,126,131,131,98,99,1
717,Yveltal,,dark,flying,203,5.8,6,Destruction,95,126,131,131,98,99,1
718,Zygarde,,dragon,ground,284.6,5,6,Order,121,216,100,91,95,85,1
719,Diancie,,rock,fairy,8.8,0.7,6,Jewel,110,50,160,160,110,110,1
720,Hoopa,,psychic,ghost,,,6,Mischief (Confined)Djinnn (Unbound),60,80,160,170,130,80,1
721,Volcanion,,fire,water,195,1.7,6,Steam,120,80,110,130,90,70,1
722,Rowlet,88.1,grass,flying,1.5,0.3,7,Grass Quill,55,68,55,50,50,42,0
723,Dartrix,88.1,grass,flying,16,0.7,7,Blade Quill,75,78,75,70,70,52,0
724,Decidueye,88.1,grass,ghost,36.6,1.6,7,Arrow Quill,75,78,107,100,100,70,0
725,Litten,88.1,fire,,4.3,0.4,7,Fire Cat,40,45,65,60,40,70,0
726,Torracat,88.1,fire,,25,0.7,7,Fire Cat,50,65,85,80,50,90,0
727,Incineroar,88.1,fire,dark,83,1.8,7,Heel,90,95,115,80,90,60,0
728,Popplio,88.1,water,,7.5,0.4,7,Sea Lion,54,50,54,66,56,40,0
729,Brionne,88.1,water,,17.5,0.6,7,Pop Star,69,60,69,91,81,50,0
730,Primarina,88.1,water,fairy,44,1.8,7,Soloist,74,80,74,126,116,60,0
731,Pikipek,50,normal,flying,1.2,0.3,7,Woodpecker,30,35,75,30,30,65,0
732,Trumbeak,50,normal,flying,14.8,0.6,7,Bugle Beak,50,55,85,40,50,75,0
733,Toucannon,50,normal,flying,26,1.1,7,Cannon,75,80,120,75,75,60,0
734,Yungoos,50,normal,,6,0.4,7,Loitering,30,48,70,30,30,45,0
735,Gumshoos,50,normal,,14.2,0.7,7,Stakeout,60,88,110,55,60,45,0
736,Grubbin,50,bug,,4.4,0.4,7,Larva,45,47,62,55,45,46,0
737,Charjabug,50,bug,electric,10.5,0.5,7,Battery,95,57,82,55,75,36,0
738,Vikavolt,50,bug,electric,45,1.5,7,Stag Beetle,90,77,70,145,75,43,0
739,Crabrawler,50,fighting,,7,0.6,7,Boxing,57,47,82,42,47,63,0
740,Crabominable,50,fighting,ice,180,1.7,7,Woolly Crab,77,97,132,62,67,43,0
741,Oricorio,24.6,fire,flying,3.4,0.6,7,Dancing,70,75,70,98,70,93,0
742,Cutiefly,50,bug,fairy,0.2,0.1,7,Bee Fly,40,40,45,55,40,84,0
743,Ribombee,50,bug,fairy,0.5,0.2,7,Bee Fly,60,60,55,95,70,124,0
744,Rockruff,50,rock,,9.2,0.5,7,Puppy,40,45,65,30,40,60,0
745,Lycanroc,50,rock,,,,7,Wolf,75,85,115,55,75,82,0
746,Wishiwashi,50,water,,0.3,0.2,7,Small Fry,130,45,140,140,135,30,0
747,Mareanie,50,poison,water,8,0.4,7,Brutal Star,62,50,53,43,52,45,0
748,Toxapex,50,poison,water,14.5,0.7,7,Brutal Star,152,50,63,53,142,35,0
749,Mudbray,50,ground,,110,1,7,Donkey,70,70,100,45,55,45,0
750,Mudsdale,50,ground,,920,2.5,7,Draft Horse,100,100,125,55,85,35,0
751,Dewpider,50,water,bug,4,0.3,7,Water Bubble,52,38,40,40,72,27,0
752,Araquanid,50,water,bug,82,1.8,7,Water Bubble,92,68,70,50,132,42,0
753,Fomantis,50,grass,,1.5,0.3,7,Sickle Grass,35,40,55,50,35,35,0
754,Lurantis,50,grass,,18.5,0.9,7,Bloom Sickle,90,70,105,80,90,45,0
755,Morelull,50,grass,fairy,1.5,0.2,7,Illuminating,55,40,35,65,75,15,0
756,Shiinotic,50,grass,fairy,11.5,1,7,Illuminating,80,60,45,90,100,30,0
757,Salandit,88.1,poison,fire,4.8,0.6,7,Toxic Lizard,40,48,44,71,40,77,0
758,Salazzle,0,poison,fire,22.2,1.2,7,Toxic Lizard,60,68,64,111,60,117,0
759,Stufful,50,normal,fighting,6.8,0.5,7,Flailing,50,70,75,45,50,50,0
760,Bewear,50,normal,fighting,135,2.1,7,Strong Arm,80,120,125,55,60,60,0
761,Bounsweet,0,grass,,3.2,0.3,7,Fruit,38,42,30,30,38,32,0
762,Steenee,0,grass,,8.2,0.7,7,Fruit,48,52,40,40,48,62,0
763,Tsareena,0,grass,,21.4,1.2,7,Fruit,98,72,120,50,98,72,0
764,Comfey,24.6,fairy,,0.3,0.1,7,Posy Picker,90,51,52,82,110,100,0
765,Oranguru,50,normal,psychic,76,1.5,7,Sage,80,90,60,90,110,60,0
766,Passimian,50,fighting,,82.8,2,7,Teamwork,90,100,120,40,60,80,0
767,Wimpod,50,bug,water,12,0.5,7,Turn Tail,40,25,35,20,30,80,0
768,Golisopod,50,bug,water,108,2,7,Hard Scale,140,75,125,60,90,40,0
769,Sandygast,50,ghost,ground,70,0.5,7,Sand Heap,80,55,55,70,45,15,0
770,Palossand,50,ghost,ground,250,1.3,7,Sand Castle,110,85,75,100,75,35,0
771,Pyukumuku,50,water,,1.2,0.3,7,Sea Cucumber,130,55,60,30,130,5,0
772,Type: Null,,normal,,120.5,1.9,7,Synthetic,95,95,95,95,95,59,0
773,Silvally,,normal,,100.5,2.3,7,Synthetic,95,95,95,95,95,95,0
774,Minior,,rock,flying,40,0.3,7,Meteor,60,60,100,100,60,120,0
775,Komala,50,normal,,19.9,0.4,7,Drowsing,65,65,115,75,95,65,0
776,Turtonator,50,fire,dragon,212,2,7,Blast Turtle,135,60,78,91,85,36,0
777,Togedemaru,50,electric,steel,3.3,0.3,7,Roly-Poly,63,65,98,40,73,96,0
778,Mimikyu,50,ghost,fairy,0.7,0.2,7,Disguise,80,55,90,50,105,96,0
779,Bruxish,50,water,psychic,19,0.9,7,Gnash Teeth,70,68,105,70,70,92,0
780,Drampa,50,normal,dragon,185,3,7,Placid,85,78,60,135,91,36,0
781,Dhelmise,,ghost,grass,210,3.9,7,Sea Creeper,100,70,131,86,90,40,0
782,Jangmo-o,50,dragon,,29.7,0.6,7,Scaly,65,45,55,45,45,45,0
783,Hakamo-o,50,dragon,fighting,47,1.2,7,Scaly,90,55,75,65,70,65,0
784,Kommo-o,50,dragon,fighting,78.2,1.6,7,Scaly,125,75,110,100,105,85,0
785,Tapu Koko,,electric,fairy,20.5,1.8,7,Land Spirit,85,70,115,95,75,130,1
786,Tapu Lele,,psychic,fairy,18.6,1.2,7,Land Spirit,75,70,85,130,115,95,1
787,Tapu Bulu,,grass,fairy,45.5,1.9,7,Land Spirit,115,70,130,85,95,75,1
788,Tapu Fini,,water,fairy,21.2,1.3,7,Land Spirit,115,70,75,95,130,85,1
789,Cosmog,,psychic,,0.1,0.2,7,Nebula,31,43,29,29,31,37,1
790,Cosmoem,,psychic,,999.9,0.1,7,Protostar,131,43,29,29,131,37,1
791,Solgaleo,,psychic,steel,230,3.4,7,Sunne,107,137,137,113,89,97,1
792,Lunala,,psychic,ghost,120,4,7,Moone,89,137,113,137,107,97,1
793,Nihilego,,rock,poison,55.5,1.2,7,Parasite,47,109,53,127,131,103,1
794,Buzzwole,,bug,fighting,333.6,2.4,7,Swollen,139,107,139,53,53,79,1
795,Pheromosa,,bug,fighting,25,1.8,7,Lissome,37,71,137,137,37,151,1
796,Xurkitree,,electric,,100,3.8,7,Glowing,71,83,89,173,71,83,1
797,Celesteela,,steel,flying,999.9,9.2,7,Launch,103,97,101,107,101,61,1
798,Kartana,,grass,steel,0.1,0.3,7,Drawn Sword,131,59,181,59,31,109,1
799,Guzzlord,,dark,dragon,888,5.5,7,Junkivore,53,223,101,97,53,43,1
800,Necrozma,,psychic,,230,2.4,7,Prism,101,97,107,127,89,79,1
801,Magearna,,steel,fairy,80.5,1,7,Artificial,115,80,95,130,115,65,1
